
Isolate hermes_protocol:

    The following properties are treated as axioms: 
        hermes_o3.ivy: line 11: hermes_protocol.axiom1
        hermes_o3.ivy: line 12: hermes_protocol.axiom2
        hermes_o3.ivy: line 13: hermes_protocol.axiom3
        hermes_o3.ivy: line 14: hermes_protocol.axiom4
        hermes_o3.ivy: line 56: hermes_protocol.axiom6

    The following properties are treated as properties:
        hermes_o3.ivy: line 561: hermes_protocol.ready_epochs_eventually_finish
        hermes_o3.ivy: line 577: hermes_protocol.o3_ack_quorums_eventually_finish

    The following properties are treated as conjectures: 
        hermes_o3.ivy: line 411: hermes_protocol.invar80
        hermes_o3.ivy: line 412: hermes_protocol.invar81
        hermes_o3.ivy: line 413: hermes_protocol.invar82
        hermes_o3.ivy: line 414: hermes_protocol.invar83
        hermes_o3.ivy: line 416: hermes_protocol.invar84
        hermes_o3.ivy: line 417: hermes_protocol.invar85
        hermes_o3.ivy: line 418: hermes_protocol.invar86
        hermes_o3.ivy: line 420: hermes_protocol.invar87
        hermes_o3.ivy: line 421: hermes_protocol.invar88
        hermes_o3.ivy: line 422: hermes_protocol.invar89
        hermes_o3.ivy: line 423: hermes_protocol.invar90
        hermes_o3.ivy: line 424: hermes_protocol.invar91
        hermes_o3.ivy: line 425: hermes_protocol.invar92
        hermes_o3.ivy: line 426: hermes_protocol.invar93
        hermes_o3.ivy: line 427: hermes_protocol.invar94
        hermes_o3.ivy: line 428: hermes_protocol.invar95
        hermes_o3.ivy: line 429: hermes_protocol.invar96
        hermes_o3.ivy: line 430: hermes_protocol.invar97
        hermes_o3.ivy: line 432: hermes_protocol.invar98
        hermes_o3.ivy: line 433: hermes_protocol.invar99
        hermes_o3.ivy: line 434: hermes_protocol.invar100
        hermes_o3.ivy: line 435: hermes_protocol.invar101
        hermes_o3.ivy: line 436: hermes_protocol.invar102
        hermes_o3.ivy: line 437: hermes_protocol.invar103
        hermes_o3.ivy: line 438: hermes_protocol.invar104
        hermes_o3.ivy: line 439: hermes_protocol.invar105
        hermes_o3.ivy: line 440: hermes_protocol.invar106
        hermes_o3.ivy: line 441: hermes_protocol.invar107
        hermes_o3.ivy: line 442: hermes_protocol.invar108
        hermes_o3.ivy: line 443: hermes_protocol.invar109
        hermes_o3.ivy: line 444: hermes_protocol.invar110
        hermes_o3.ivy: line 445: hermes_protocol.invar111
        hermes_o3.ivy: line 446: hermes_protocol.invar112
        hermes_o3.ivy: line 447: hermes_protocol.invar113
        hermes_o3.ivy: line 448: hermes_protocol.invar114
        hermes_o3.ivy: line 449: hermes_protocol.invar115
        hermes_o3.ivy: line 450: hermes_protocol.invar116
        hermes_o3.ivy: line 451: hermes_protocol.invar117
        hermes_o3.ivy: line 452: hermes_protocol.invar118
        hermes_o3.ivy: line 457: hermes_protocol.invar119
        hermes_o3.ivy: line 459: hermes_protocol.invar120
        hermes_o3.ivy: line 463: hermes_protocol.invar121
        hermes_o3.ivy: line 464: hermes_protocol.invar122
        hermes_o3.ivy: line 467: hermes_protocol.invar123
        hermes_o3.ivy: line 472: hermes_protocol.invar124
        hermes_o3.ivy: line 473: hermes_protocol.invar125
        hermes_o3.ivy: line 477: hermes_protocol.invar126
        hermes_o3.ivy: line 552: hermes_protocol.invar139
        hermes_o3.ivy: line 553: hermes_protocol.invar140
        hermes_o3.ivy: line 554: hermes_protocol.invar141
        hermes_o3.ivy: line 555: hermes_protocol.invar142
        hermes_o3.ivy: line 556: hermes_protocol.invar143
        hermes_o3.ivy: line 557: hermes_protocol.invar144
        hermes_o3.ivy: line 558: hermes_protocol.invar145
        hermes_o3.ivy: line 559: hermes_protocol.invar146

    The following properties are assumed as axioms:
        hermes_o3.ivy: line 11: hermes_protocol.axiom1
        hermes_o3.ivy: line 12: hermes_protocol.axiom2
        hermes_o3.ivy: line 13: hermes_protocol.axiom3
        hermes_o3.ivy: line 14: hermes_protocol.axiom4
        hermes_o3.ivy: line 56: hermes_protocol.axiom6

    The following definitions are used:
        hermes_o3.ivy: line 49: hermes_protocol.def5

    The following properties are to be checked:

    The inductive invariant consists of the following conjectures:
        hermes_o3.ivy: line 411: hermes_protocol.invar80
        hermes_o3.ivy: line 412: hermes_protocol.invar81
        hermes_o3.ivy: line 413: hermes_protocol.invar82
        hermes_o3.ivy: line 414: hermes_protocol.invar83
        hermes_o3.ivy: line 416: hermes_protocol.invar84
        hermes_o3.ivy: line 417: hermes_protocol.invar85
        hermes_o3.ivy: line 418: hermes_protocol.invar86
        hermes_o3.ivy: line 420: hermes_protocol.invar87
        hermes_o3.ivy: line 421: hermes_protocol.invar88
        hermes_o3.ivy: line 422: hermes_protocol.invar89
        hermes_o3.ivy: line 423: hermes_protocol.invar90
        hermes_o3.ivy: line 424: hermes_protocol.invar91
        hermes_o3.ivy: line 425: hermes_protocol.invar92
        hermes_o3.ivy: line 426: hermes_protocol.invar93
        hermes_o3.ivy: line 427: hermes_protocol.invar94
        hermes_o3.ivy: line 428: hermes_protocol.invar95
        hermes_o3.ivy: line 429: hermes_protocol.invar96
        hermes_o3.ivy: line 430: hermes_protocol.invar97
        hermes_o3.ivy: line 432: hermes_protocol.invar98
        hermes_o3.ivy: line 433: hermes_protocol.invar99
        hermes_o3.ivy: line 434: hermes_protocol.invar100
        hermes_o3.ivy: line 435: hermes_protocol.invar101
        hermes_o3.ivy: line 436: hermes_protocol.invar102
        hermes_o3.ivy: line 437: hermes_protocol.invar103
        hermes_o3.ivy: line 438: hermes_protocol.invar104
        hermes_o3.ivy: line 439: hermes_protocol.invar105
        hermes_o3.ivy: line 440: hermes_protocol.invar106
        hermes_o3.ivy: line 441: hermes_protocol.invar107
        hermes_o3.ivy: line 442: hermes_protocol.invar108
        hermes_o3.ivy: line 443: hermes_protocol.invar109
        hermes_o3.ivy: line 444: hermes_protocol.invar110
        hermes_o3.ivy: line 445: hermes_protocol.invar111
        hermes_o3.ivy: line 446: hermes_protocol.invar112
        hermes_o3.ivy: line 447: hermes_protocol.invar113
        hermes_o3.ivy: line 448: hermes_protocol.invar114
        hermes_o3.ivy: line 449: hermes_protocol.invar115
        hermes_o3.ivy: line 450: hermes_protocol.invar116
        hermes_o3.ivy: line 451: hermes_protocol.invar117
        hermes_o3.ivy: line 452: hermes_protocol.invar118
        hermes_o3.ivy: line 457: hermes_protocol.invar119
        hermes_o3.ivy: line 459: hermes_protocol.invar120
        hermes_o3.ivy: line 463: hermes_protocol.invar121
        hermes_o3.ivy: line 464: hermes_protocol.invar122
        hermes_o3.ivy: line 467: hermes_protocol.invar123
        hermes_o3.ivy: line 472: hermes_protocol.invar124
        hermes_o3.ivy: line 473: hermes_protocol.invar125
        hermes_o3.ivy: line 477: hermes_protocol.invar126
        hermes_o3.ivy: line 552: hermes_protocol.invar139
        hermes_o3.ivy: line 553: hermes_protocol.invar140
        hermes_o3.ivy: line 554: hermes_protocol.invar141
        hermes_o3.ivy: line 555: hermes_protocol.invar142
        hermes_o3.ivy: line 556: hermes_protocol.invar143
        hermes_o3.ivy: line 557: hermes_protocol.invar144
        hermes_o3.ivy: line 558: hermes_protocol.invar145
        hermes_o3.ivy: line 559: hermes_protocol.invar146

    The following action implementations are present:
        hermes_o3.ivy: line 34: implementation of hermes_protocol.complete_current
        hermes_o3.ivy: line 35: implementation of hermes_protocol.complete_overwritten
        hermes_o3.ivy: line 36: implementation of hermes_protocol.complete_ready
        hermes_o3.ivy: line 42: implementation of hermes_protocol.fail
        hermes_o3.ivy: line 29: implementation of hermes_protocol.local_rmw
        hermes_o3.ivy: line 28: implementation of hermes_protocol.local_write
        hermes_o3.ivy: line 39: implementation of hermes_protocol.mark_ready
        hermes_o3.ivy: line 38: implementation of hermes_protocol.o3_complete
        hermes_o3.ivy: line 37: implementation of hermes_protocol.o3_observe_quorum
        hermes_o3.ivy: line 33: implementation of hermes_protocol.receive_ack
        hermes_o3.ivy: line 31: implementation of hermes_protocol.receive_rmw_inv
        hermes_o3.ivy: line 32: implementation of hermes_protocol.receive_rmw_inv_completed_conflict
        hermes_o3.ivy: line 40: implementation of hermes_protocol.receive_validate
        hermes_o3.ivy: line 30: implementation of hermes_protocol.receive_write_inv
        hermes_o3.ivy: line 41: implementation of hermes_protocol.replay_after_failure

    The following action monitors are present:
        hermes_o3.ivy: line 315: monitor of hermes_protocol.complete_current
        hermes_o3.ivy: line 334: monitor of hermes_protocol.complete_overwritten
        hermes_o3.ivy: line 483: monitor of hermes_protocol.complete_ready
        hermes_o3.ivy: line 395: monitor of hermes_protocol.fail
        hermes_o3.ivy: line 164: monitor of hermes_protocol.local_rmw
        hermes_o3.ivy: line 133: monitor of hermes_protocol.local_write
        hermes_o3.ivy: line 302: monitor of hermes_protocol.mark_ready
        hermes_o3.ivy: line 528: monitor of hermes_protocol.o3_complete
        hermes_o3.ivy: line 518: monitor of hermes_protocol.o3_observe_quorum
        hermes_o3.ivy: line 290: monitor of hermes_protocol.receive_ack
        hermes_o3.ivy: line 226: monitor of hermes_protocol.receive_rmw_inv
        hermes_o3.ivy: line 270: monitor of hermes_protocol.receive_rmw_inv_completed_conflict
        hermes_o3.ivy: line 354: monitor of hermes_protocol.receive_validate
        hermes_o3.ivy: line 194: monitor of hermes_protocol.receive_write_inv
        hermes_o3.ivy: line 371: monitor of hermes_protocol.replay_after_failure

    The following initializers are present:
initializer:        hermes_o3.ivy: line 99:  hermes_protocol.init[after7]

    Initialization must establish the invariant
        hermes_o3.ivy: line 411: hermes_protocol.invar80 ...
PASS
        hermes_o3.ivy: line 412: hermes_protocol.invar81 ...
PASS
        hermes_o3.ivy: line 413: hermes_protocol.invar82 ...
PASS
        hermes_o3.ivy: line 414: hermes_protocol.invar83 ...
PASS
        hermes_o3.ivy: line 416: hermes_protocol.invar84 ...
PASS
        hermes_o3.ivy: line 417: hermes_protocol.invar85 ...
PASS
        hermes_o3.ivy: line 418: hermes_protocol.invar86 ...
PASS
        hermes_o3.ivy: line 420: hermes_protocol.invar87 ...
PASS
        hermes_o3.ivy: line 421: hermes_protocol.invar88 ...
PASS
        hermes_o3.ivy: line 422: hermes_protocol.invar89 ...
PASS
        hermes_o3.ivy: line 423: hermes_protocol.invar90 ...
PASS
        hermes_o3.ivy: line 424: hermes_protocol.invar91 ...
PASS
        hermes_o3.ivy: line 425: hermes_protocol.invar92 ...
PASS
        hermes_o3.ivy: line 426: hermes_protocol.invar93 ...
PASS
        hermes_o3.ivy: line 427: hermes_protocol.invar94 ...
PASS
        hermes_o3.ivy: line 428: hermes_protocol.invar95 ...
PASS
        hermes_o3.ivy: line 429: hermes_protocol.invar96 ...
PASS
        hermes_o3.ivy: line 430: hermes_protocol.invar97 ...
PASS
        hermes_o3.ivy: line 432: hermes_protocol.invar98 ...
PASS
        hermes_o3.ivy: line 433: hermes_protocol.invar99 ...
PASS
        hermes_o3.ivy: line 434: hermes_protocol.invar100 ...
PASS
        hermes_o3.ivy: line 435: hermes_protocol.invar101 ...
PASS
        hermes_o3.ivy: line 436: hermes_protocol.invar102 ...
PASS
        hermes_o3.ivy: line 437: hermes_protocol.invar103 ...
PASS
        hermes_o3.ivy: line 438: hermes_protocol.invar104 ...
PASS
        hermes_o3.ivy: line 439: hermes_protocol.invar105 ...
PASS
        hermes_o3.ivy: line 440: hermes_protocol.invar106 ...
PASS
        hermes_o3.ivy: line 441: hermes_protocol.invar107 ...
PASS
        hermes_o3.ivy: line 442: hermes_protocol.invar108 ...
PASS
        hermes_o3.ivy: line 443: hermes_protocol.invar109 ...
PASS
        hermes_o3.ivy: line 444: hermes_protocol.invar110 ...
PASS
        hermes_o3.ivy: line 445: hermes_protocol.invar111 ...
PASS
        hermes_o3.ivy: line 446: hermes_protocol.invar112 ...
PASS
        hermes_o3.ivy: line 447: hermes_protocol.invar113 ...
PASS
        hermes_o3.ivy: line 448: hermes_protocol.invar114 ...
PASS
        hermes_o3.ivy: line 449: hermes_protocol.invar115 ...
PASS
        hermes_o3.ivy: line 450: hermes_protocol.invar116 ...
PASS
        hermes_o3.ivy: line 451: hermes_protocol.invar117 ...
PASS
        hermes_o3.ivy: line 452: hermes_protocol.invar118 ...
PASS
        hermes_o3.ivy: line 457: hermes_protocol.invar119 ...
PASS
        hermes_o3.ivy: line 459: hermes_protocol.invar120 ...
PASS
        hermes_o3.ivy: line 463: hermes_protocol.invar121 ...
PASS
        hermes_o3.ivy: line 464: hermes_protocol.invar122 ...
PASS
        hermes_o3.ivy: line 467: hermes_protocol.invar123 ...
PASS
        hermes_o3.ivy: line 472: hermes_protocol.invar124 ...
PASS
        hermes_o3.ivy: line 473: hermes_protocol.invar125 ...
PASS
        hermes_o3.ivy: line 477: hermes_protocol.invar126 ...
PASS
        hermes_o3.ivy: line 552: hermes_protocol.invar139 ...
PASS
        hermes_o3.ivy: line 553: hermes_protocol.invar140 ...
PASS
        hermes_o3.ivy: line 554: hermes_protocol.invar141 ...
PASS
        hermes_o3.ivy: line 555: hermes_protocol.invar142 ...
PASS
        hermes_o3.ivy: line 556: hermes_protocol.invar143 ...
PASS
        hermes_o3.ivy: line 557: hermes_protocol.invar144 ...
PASS
        hermes_o3.ivy: line 558: hermes_protocol.invar145 ...
PASS
        hermes_o3.ivy: line 559: hermes_protocol.invar146 ...
PASS

    The following set of external actions must preserve the invariant:
        (internal) ext:hermes_protocol.complete_current
            hermes_o3.ivy: line 411: hermes_protocol.invar80 ...
PASS
            hermes_o3.ivy: line 412: hermes_protocol.invar81 ...
PASS
            hermes_o3.ivy: line 413: hermes_protocol.invar82 ...
PASS
            hermes_o3.ivy: line 414: hermes_protocol.invar83 ...
PASS
            hermes_o3.ivy: line 416: hermes_protocol.invar84 ...
PASS
            hermes_o3.ivy: line 417: hermes_protocol.invar85 ...
PASS
            hermes_o3.ivy: line 418: hermes_protocol.invar86 ...
PASS
            hermes_o3.ivy: line 420: hermes_protocol.invar87 ...
PASS
            hermes_o3.ivy: line 421: hermes_protocol.invar88 ...
PASS
            hermes_o3.ivy: line 422: hermes_protocol.invar89 ...
PASS
            hermes_o3.ivy: line 423: hermes_protocol.invar90 ...
PASS
            hermes_o3.ivy: line 424: hermes_protocol.invar91 ...
PASS
            hermes_o3.ivy: line 425: hermes_protocol.invar92 ...
PASS
            hermes_o3.ivy: line 426: hermes_protocol.invar93 ...
PASS
            hermes_o3.ivy: line 427: hermes_protocol.invar94 ...
PASS
            hermes_o3.ivy: line 428: hermes_protocol.invar95 ...
PASS
            hermes_o3.ivy: line 429: hermes_protocol.invar96 ...
PASS
            hermes_o3.ivy: line 430: hermes_protocol.invar97 ...
PASS
            hermes_o3.ivy: line 432: hermes_protocol.invar98 ...
PASS
            hermes_o3.ivy: line 433: hermes_protocol.invar99 ...
PASS
            hermes_o3.ivy: line 434: hermes_protocol.invar100 ...
PASS
            hermes_o3.ivy: line 435: hermes_protocol.invar101 ...
PASS
            hermes_o3.ivy: line 436: hermes_protocol.invar102 ...
PASS
            hermes_o3.ivy: line 437: hermes_protocol.invar103 ...
PASS
            hermes_o3.ivy: line 438: hermes_protocol.invar104 ...
PASS
            hermes_o3.ivy: line 439: hermes_protocol.invar105 ...
PASS
            hermes_o3.ivy: line 440: hermes_protocol.invar106 ...
PASS
            hermes_o3.ivy: line 441: hermes_protocol.invar107 ...
PASS
            hermes_o3.ivy: line 442: hermes_protocol.invar108 ...
PASS
            hermes_o3.ivy: line 443: hermes_protocol.invar109 ...
PASS
            hermes_o3.ivy: line 444: hermes_protocol.invar110 ...
PASS
            hermes_o3.ivy: line 445: hermes_protocol.invar111 ...
PASS
            hermes_o3.ivy: line 446: hermes_protocol.invar112 ...
PASS
            hermes_o3.ivy: line 447: hermes_protocol.invar113 ...
PASS
            hermes_o3.ivy: line 448: hermes_protocol.invar114 ...
PASS
            hermes_o3.ivy: line 449: hermes_protocol.invar115 ...
PASS
            hermes_o3.ivy: line 450: hermes_protocol.invar116 ...
PASS
            hermes_o3.ivy: line 451: hermes_protocol.invar117 ...
PASS
            hermes_o3.ivy: line 452: hermes_protocol.invar118 ...
PASS
            hermes_o3.ivy: line 457: hermes_protocol.invar119 ...
PASS
            hermes_o3.ivy: line 459: hermes_protocol.invar120 ...
PASS
            hermes_o3.ivy: line 463: hermes_protocol.invar121 ...
PASS
            hermes_o3.ivy: line 464: hermes_protocol.invar122 ...
PASS
            hermes_o3.ivy: line 467: hermes_protocol.invar123 ...
PASS
            hermes_o3.ivy: line 472: hermes_protocol.invar124 ...
PASS
            hermes_o3.ivy: line 473: hermes_protocol.invar125 ...
PASS
            hermes_o3.ivy: line 477: hermes_protocol.invar126 ...
PASS
            hermes_o3.ivy: line 552: hermes_protocol.invar139 ...
PASS
            hermes_o3.ivy: line 553: hermes_protocol.invar140 ...
PASS
            hermes_o3.ivy: line 554: hermes_protocol.invar141 ...
PASS
            hermes_o3.ivy: line 555: hermes_protocol.invar142 ...
PASS
            hermes_o3.ivy: line 556: hermes_protocol.invar143 ...
PASS
            hermes_o3.ivy: line 557: hermes_protocol.invar144 ...
PASS
            hermes_o3.ivy: line 558: hermes_protocol.invar145 ...
PASS
            hermes_o3.ivy: line 559: hermes_protocol.invar146 ...
PASS
        (internal) ext:hermes_protocol.complete_overwritten
            hermes_o3.ivy: line 411: hermes_protocol.invar80 ...
PASS
            hermes_o3.ivy: line 412: hermes_protocol.invar81 ...
PASS
            hermes_o3.ivy: line 413: hermes_protocol.invar82 ...
PASS
            hermes_o3.ivy: line 414: hermes_protocol.invar83 ...
PASS
            hermes_o3.ivy: line 416: hermes_protocol.invar84 ...
PASS
            hermes_o3.ivy: line 417: hermes_protocol.invar85 ...
PASS
            hermes_o3.ivy: line 418: hermes_protocol.invar86 ...
PASS
            hermes_o3.ivy: line 420: hermes_protocol.invar87 ...
PASS
            hermes_o3.ivy: line 421: hermes_protocol.invar88 ...
PASS
            hermes_o3.ivy: line 422: hermes_protocol.invar89 ...
PASS
            hermes_o3.ivy: line 423: hermes_protocol.invar90 ...
PASS
            hermes_o3.ivy: line 424: hermes_protocol.invar91 ...
PASS
            hermes_o3.ivy: line 425: hermes_protocol.invar92 ...
PASS
            hermes_o3.ivy: line 426: hermes_protocol.invar93 ...
PASS
            hermes_o3.ivy: line 427: hermes_protocol.invar94 ...
PASS
            hermes_o3.ivy: line 428: hermes_protocol.invar95 ...
PASS
            hermes_o3.ivy: line 429: hermes_protocol.invar96 ...
PASS
            hermes_o3.ivy: line 430: hermes_protocol.invar97 ...
PASS
            hermes_o3.ivy: line 432: hermes_protocol.invar98 ...
PASS
            hermes_o3.ivy: line 433: hermes_protocol.invar99 ...
PASS
            hermes_o3.ivy: line 434: hermes_protocol.invar100 ...
PASS
            hermes_o3.ivy: line 435: hermes_protocol.invar101 ...
PASS
            hermes_o3.ivy: line 436: hermes_protocol.invar102 ...
PASS
            hermes_o3.ivy: line 437: hermes_protocol.invar103 ...
PASS
            hermes_o3.ivy: line 438: hermes_protocol.invar104 ...
PASS
            hermes_o3.ivy: line 439: hermes_protocol.invar105 ...
PASS
            hermes_o3.ivy: line 440: hermes_protocol.invar106 ...
PASS
            hermes_o3.ivy: line 441: hermes_protocol.invar107 ...
PASS
            hermes_o3.ivy: line 442: hermes_protocol.invar108 ...
PASS
            hermes_o3.ivy: line 443: hermes_protocol.invar109 ...
PASS
            hermes_o3.ivy: line 444: hermes_protocol.invar110 ...
PASS
            hermes_o3.ivy: line 445: hermes_protocol.invar111 ...
PASS
            hermes_o3.ivy: line 446: hermes_protocol.invar112 ...
PASS
            hermes_o3.ivy: line 447: hermes_protocol.invar113 ...
PASS
            hermes_o3.ivy: line 448: hermes_protocol.invar114 ...
PASS
            hermes_o3.ivy: line 449: hermes_protocol.invar115 ...
PASS
            hermes_o3.ivy: line 450: hermes_protocol.invar116 ...
PASS
            hermes_o3.ivy: line 451: hermes_protocol.invar117 ...
PASS
            hermes_o3.ivy: line 452: hermes_protocol.invar118 ...
PASS
            hermes_o3.ivy: line 457: hermes_protocol.invar119 ...
PASS
            hermes_o3.ivy: line 459: hermes_protocol.invar120 ...
PASS
            hermes_o3.ivy: line 463: hermes_protocol.invar121 ...
PASS
            hermes_o3.ivy: line 464: hermes_protocol.invar122 ...
PASS
            hermes_o3.ivy: line 467: hermes_protocol.invar123 ...
PASS
            hermes_o3.ivy: line 472: hermes_protocol.invar124 ...
PASS
            hermes_o3.ivy: line 473: hermes_protocol.invar125 ...
PASS
            hermes_o3.ivy: line 477: hermes_protocol.invar126 ...
PASS
            hermes_o3.ivy: line 552: hermes_protocol.invar139 ...
PASS
            hermes_o3.ivy: line 553: hermes_protocol.invar140 ...
PASS
            hermes_o3.ivy: line 554: hermes_protocol.invar141 ...
PASS
            hermes_o3.ivy: line 555: hermes_protocol.invar142 ...
PASS
            hermes_o3.ivy: line 556: hermes_protocol.invar143 ...
PASS
            hermes_o3.ivy: line 557: hermes_protocol.invar144 ...
PASS
            hermes_o3.ivy: line 558: hermes_protocol.invar145 ...
PASS
            hermes_o3.ivy: line 559: hermes_protocol.invar146 ...
PASS
        (internal) ext:hermes_protocol.complete_ready
            hermes_o3.ivy: line 411: hermes_protocol.invar80 ...
PASS
            hermes_o3.ivy: line 412: hermes_protocol.invar81 ...
PASS
            hermes_o3.ivy: line 413: hermes_protocol.invar82 ...
PASS
            hermes_o3.ivy: line 414: hermes_protocol.invar83 ...
PASS
            hermes_o3.ivy: line 416: hermes_protocol.invar84 ...
PASS
            hermes_o3.ivy: line 417: hermes_protocol.invar85 ...
PASS
            hermes_o3.ivy: line 418: hermes_protocol.invar86 ...
PASS
            hermes_o3.ivy: line 420: hermes_protocol.invar87 ...
PASS
            hermes_o3.ivy: line 421: hermes_protocol.invar88 ...
PASS
            hermes_o3.ivy: line 422: hermes_protocol.invar89 ...
PASS
            hermes_o3.ivy: line 423: hermes_protocol.invar90 ...
PASS
            hermes_o3.ivy: line 424: hermes_protocol.invar91 ...
PASS
            hermes_o3.ivy: line 425: hermes_protocol.invar92 ...
PASS
            hermes_o3.ivy: line 426: hermes_protocol.invar93 ...
PASS
            hermes_o3.ivy: line 427: hermes_protocol.invar94 ...
PASS
            hermes_o3.ivy: line 428: hermes_protocol.invar95 ...
PASS
            hermes_o3.ivy: line 429: hermes_protocol.invar96 ...
PASS
            hermes_o3.ivy: line 430: hermes_protocol.invar97 ...
PASS
            hermes_o3.ivy: line 432: hermes_protocol.invar98 ...
PASS
            hermes_o3.ivy: line 433: hermes_protocol.invar99 ...
PASS
            hermes_o3.ivy: line 434: hermes_protocol.invar100 ...
PASS
            hermes_o3.ivy: line 435: hermes_protocol.invar101 ...
PASS
            hermes_o3.ivy: line 436: hermes_protocol.invar102 ...
PASS
            hermes_o3.ivy: line 437: hermes_protocol.invar103 ...
PASS
            hermes_o3.ivy: line 438: hermes_protocol.invar104 ...
PASS
            hermes_o3.ivy: line 439: hermes_protocol.invar105 ...
PASS
            hermes_o3.ivy: line 440: hermes_protocol.invar106 ...
PASS
            hermes_o3.ivy: line 441: hermes_protocol.invar107 ...
PASS
            hermes_o3.ivy: line 442: hermes_protocol.invar108 ...
PASS
            hermes_o3.ivy: line 443: hermes_protocol.invar109 ...
PASS
            hermes_o3.ivy: line 444: hermes_protocol.invar110 ...
PASS
            hermes_o3.ivy: line 445: hermes_protocol.invar111 ...
PASS
            hermes_o3.ivy: line 446: hermes_protocol.invar112 ...
PASS
            hermes_o3.ivy: line 447: hermes_protocol.invar113 ...
PASS
            hermes_o3.ivy: line 448: hermes_protocol.invar114 ...
PASS
            hermes_o3.ivy: line 449: hermes_protocol.invar115 ...
PASS
            hermes_o3.ivy: line 450: hermes_protocol.invar116 ...
PASS
            hermes_o3.ivy: line 451: hermes_protocol.invar117 ...
PASS
            hermes_o3.ivy: line 452: hermes_protocol.invar118 ...
PASS
            hermes_o3.ivy: line 457: hermes_protocol.invar119 ...
PASS
            hermes_o3.ivy: line 459: hermes_protocol.invar120 ...
PASS
            hermes_o3.ivy: line 463: hermes_protocol.invar121 ...
PASS
            hermes_o3.ivy: line 464: hermes_protocol.invar122 ...
PASS
            hermes_o3.ivy: line 467: hermes_protocol.invar123 ...
PASS
            hermes_o3.ivy: line 472: hermes_protocol.invar124 ...
PASS
            hermes_o3.ivy: line 473: hermes_protocol.invar125 ...
PASS
            hermes_o3.ivy: line 477: hermes_protocol.invar126 ...
PASS
            hermes_o3.ivy: line 552: hermes_protocol.invar139 ...
PASS
            hermes_o3.ivy: line 553: hermes_protocol.invar140 ...
PASS
            hermes_o3.ivy: line 554: hermes_protocol.invar141 ...
PASS
            hermes_o3.ivy: line 555: hermes_protocol.invar142 ...
PASS
            hermes_o3.ivy: line 556: hermes_protocol.invar143 ...
PASS
            hermes_o3.ivy: line 557: hermes_protocol.invar144 ...
PASS
            hermes_o3.ivy: line 558: hermes_protocol.invar145 ...
PASS
            hermes_o3.ivy: line 559: hermes_protocol.invar146 ...
PASS
        (internal) ext:hermes_protocol.fail
            hermes_o3.ivy: line 411: hermes_protocol.invar80 ...
PASS
            hermes_o3.ivy: line 412: hermes_protocol.invar81 ...
PASS
            hermes_o3.ivy: line 413: hermes_protocol.invar82 ...
PASS
            hermes_o3.ivy: line 414: hermes_protocol.invar83 ...
PASS
            hermes_o3.ivy: line 416: hermes_protocol.invar84 ...
PASS
            hermes_o3.ivy: line 417: hermes_protocol.invar85 ...
PASS
            hermes_o3.ivy: line 418: hermes_protocol.invar86 ...
PASS
            hermes_o3.ivy: line 420: hermes_protocol.invar87 ...
PASS
            hermes_o3.ivy: line 421: hermes_protocol.invar88 ...
PASS
            hermes_o3.ivy: line 422: hermes_protocol.invar89 ...
PASS
            hermes_o3.ivy: line 423: hermes_protocol.invar90 ...
PASS
            hermes_o3.ivy: line 424: hermes_protocol.invar91 ...
PASS
            hermes_o3.ivy: line 425: hermes_protocol.invar92 ...
PASS
            hermes_o3.ivy: line 426: hermes_protocol.invar93 ...
PASS
            hermes_o3.ivy: line 427: hermes_protocol.invar94 ...
PASS
            hermes_o3.ivy: line 428: hermes_protocol.invar95 ...
PASS
            hermes_o3.ivy: line 429: hermes_protocol.invar96 ...
PASS
            hermes_o3.ivy: line 430: hermes_protocol.invar97 ...
PASS
            hermes_o3.ivy: line 432: hermes_protocol.invar98 ...
PASS
            hermes_o3.ivy: line 433: hermes_protocol.invar99 ...
PASS
            hermes_o3.ivy: line 434: hermes_protocol.invar100 ...
PASS
            hermes_o3.ivy: line 435: hermes_protocol.invar101 ...
PASS
            hermes_o3.ivy: line 436: hermes_protocol.invar102 ...
PASS
            hermes_o3.ivy: line 437: hermes_protocol.invar103 ...
PASS
            hermes_o3.ivy: line 438: hermes_protocol.invar104 ...
PASS
            hermes_o3.ivy: line 439: hermes_protocol.invar105 ...
PASS
            hermes_o3.ivy: line 440: hermes_protocol.invar106 ...
PASS
            hermes_o3.ivy: line 441: hermes_protocol.invar107 ...
PASS
            hermes_o3.ivy: line 442: hermes_protocol.invar108 ...
PASS
            hermes_o3.ivy: line 443: hermes_protocol.invar109 ...
PASS
            hermes_o3.ivy: line 444: hermes_protocol.invar110 ...
PASS
            hermes_o3.ivy: line 445: hermes_protocol.invar111 ...
PASS
            hermes_o3.ivy: line 446: hermes_protocol.invar112 ...
PASS
            hermes_o3.ivy: line 447: hermes_protocol.invar113 ...
PASS
            hermes_o3.ivy: line 448: hermes_protocol.invar114 ...
PASS
            hermes_o3.ivy: line 449: hermes_protocol.invar115 ...
PASS
            hermes_o3.ivy: line 450: hermes_protocol.invar116 ...
PASS
            hermes_o3.ivy: line 451: hermes_protocol.invar117 ...
PASS
            hermes_o3.ivy: line 452: hermes_protocol.invar118 ...
PASS
            hermes_o3.ivy: line 457: hermes_protocol.invar119 ...
PASS
            hermes_o3.ivy: line 459: hermes_protocol.invar120 ...
PASS
            hermes_o3.ivy: line 463: hermes_protocol.invar121 ...
PASS
            hermes_o3.ivy: line 464: hermes_protocol.invar122 ...
PASS
            hermes_o3.ivy: line 467: hermes_protocol.invar123 ...
PASS
            hermes_o3.ivy: line 472: hermes_protocol.invar124 ...
PASS
            hermes_o3.ivy: line 473: hermes_protocol.invar125 ...
PASS
            hermes_o3.ivy: line 477: hermes_protocol.invar126 ...
PASS
            hermes_o3.ivy: line 552: hermes_protocol.invar139 ...
PASS
            hermes_o3.ivy: line 553: hermes_protocol.invar140 ...
PASS
            hermes_o3.ivy: line 554: hermes_protocol.invar141 ...
PASS
            hermes_o3.ivy: line 555: hermes_protocol.invar142 ...
PASS
            hermes_o3.ivy: line 556: hermes_protocol.invar143 ...
PASS
            hermes_o3.ivy: line 557: hermes_protocol.invar144 ...
PASS
            hermes_o3.ivy: line 558: hermes_protocol.invar145 ...
PASS
            hermes_o3.ivy: line 559: hermes_protocol.invar146 ...
PASS
        (internal) ext:hermes_protocol.local_rmw
            hermes_o3.ivy: line 411: hermes_protocol.invar80 ...
PASS
            hermes_o3.ivy: line 412: hermes_protocol.invar81 ...
PASS
            hermes_o3.ivy: line 413: hermes_protocol.invar82 ...
PASS
            hermes_o3.ivy: line 414: hermes_protocol.invar83 ...
PASS
            hermes_o3.ivy: line 416: hermes_protocol.invar84 ...
PASS
            hermes_o3.ivy: line 417: hermes_protocol.invar85 ...
PASS
            hermes_o3.ivy: line 418: hermes_protocol.invar86 ...
PASS
            hermes_o3.ivy: line 420: hermes_protocol.invar87 ...
PASS
            hermes_o3.ivy: line 421: hermes_protocol.invar88 ...
PASS
            hermes_o3.ivy: line 422: hermes_protocol.invar89 ...
PASS
            hermes_o3.ivy: line 423: hermes_protocol.invar90 ...
PASS
            hermes_o3.ivy: line 424: hermes_protocol.invar91 ...
PASS
            hermes_o3.ivy: line 425: hermes_protocol.invar92 ...
PASS
            hermes_o3.ivy: line 426: hermes_protocol.invar93 ...
PASS
            hermes_o3.ivy: line 427: hermes_protocol.invar94 ...
PASS
            hermes_o3.ivy: line 428: hermes_protocol.invar95 ...
PASS
            hermes_o3.ivy: line 429: hermes_protocol.invar96 ...
PASS
            hermes_o3.ivy: line 430: hermes_protocol.invar97 ...
PASS
            hermes_o3.ivy: line 432: hermes_protocol.invar98 ...
PASS
            hermes_o3.ivy: line 433: hermes_protocol.invar99 ...
PASS
            hermes_o3.ivy: line 434: hermes_protocol.invar100 ...
PASS
            hermes_o3.ivy: line 435: hermes_protocol.invar101 ...
PASS
            hermes_o3.ivy: line 436: hermes_protocol.invar102 ...
PASS
            hermes_o3.ivy: line 437: hermes_protocol.invar103 ...
PASS
            hermes_o3.ivy: line 438: hermes_protocol.invar104 ...
PASS
            hermes_o3.ivy: line 439: hermes_protocol.invar105 ...
PASS
            hermes_o3.ivy: line 440: hermes_protocol.invar106 ...
PASS
            hermes_o3.ivy: line 441: hermes_protocol.invar107 ...
PASS
            hermes_o3.ivy: line 442: hermes_protocol.invar108 ...
PASS
            hermes_o3.ivy: line 443: hermes_protocol.invar109 ...
PASS
            hermes_o3.ivy: line 444: hermes_protocol.invar110 ...
PASS
            hermes_o3.ivy: line 445: hermes_protocol.invar111 ...
PASS
            hermes_o3.ivy: line 446: hermes_protocol.invar112 ...
PASS
            hermes_o3.ivy: line 447: hermes_protocol.invar113 ...
PASS
            hermes_o3.ivy: line 448: hermes_protocol.invar114 ...
PASS
            hermes_o3.ivy: line 449: hermes_protocol.invar115 ...
PASS
            hermes_o3.ivy: line 450: hermes_protocol.invar116 ...
PASS
            hermes_o3.ivy: line 451: hermes_protocol.invar117 ...
PASS
            hermes_o3.ivy: line 452: hermes_protocol.invar118 ...
PASS
            hermes_o3.ivy: line 457: hermes_protocol.invar119 ...
PASS
            hermes_o3.ivy: line 459: hermes_protocol.invar120 ...
PASS
            hermes_o3.ivy: line 463: hermes_protocol.invar121 ...
PASS
            hermes_o3.ivy: line 464: hermes_protocol.invar122 ...
PASS
            hermes_o3.ivy: line 467: hermes_protocol.invar123 ...
PASS
            hermes_o3.ivy: line 472: hermes_protocol.invar124 ...
PASS
            hermes_o3.ivy: line 473: hermes_protocol.invar125 ...
PASS
            hermes_o3.ivy: line 477: hermes_protocol.invar126 ...
PASS
            hermes_o3.ivy: line 552: hermes_protocol.invar139 ...
PASS
            hermes_o3.ivy: line 553: hermes_protocol.invar140 ...
PASS
            hermes_o3.ivy: line 554: hermes_protocol.invar141 ...
PASS
            hermes_o3.ivy: line 555: hermes_protocol.invar142 ...
PASS
            hermes_o3.ivy: line 556: hermes_protocol.invar143 ...
PASS
            hermes_o3.ivy: line 557: hermes_protocol.invar144 ...
PASS
            hermes_o3.ivy: line 558: hermes_protocol.invar145 ...
PASS
            hermes_o3.ivy: line 559: hermes_protocol.invar146 ...
PASS
        (internal) ext:hermes_protocol.local_write
            hermes_o3.ivy: line 411: hermes_protocol.invar80 ...
PASS
            hermes_o3.ivy: line 412: hermes_protocol.invar81 ...
PASS
            hermes_o3.ivy: line 413: hermes_protocol.invar82 ...
PASS
            hermes_o3.ivy: line 414: hermes_protocol.invar83 ...
PASS
            hermes_o3.ivy: line 416: hermes_protocol.invar84 ...
PASS
            hermes_o3.ivy: line 417: hermes_protocol.invar85 ...
PASS
            hermes_o3.ivy: line 418: hermes_protocol.invar86 ...
PASS
            hermes_o3.ivy: line 420: hermes_protocol.invar87 ...
PASS
            hermes_o3.ivy: line 421: hermes_protocol.invar88 ...
PASS
            hermes_o3.ivy: line 422: hermes_protocol.invar89 ...
PASS
            hermes_o3.ivy: line 423: hermes_protocol.invar90 ...
PASS
            hermes_o3.ivy: line 424: hermes_protocol.invar91 ...
PASS
            hermes_o3.ivy: line 425: hermes_protocol.invar92 ...
PASS
            hermes_o3.ivy: line 426: hermes_protocol.invar93 ...
PASS
            hermes_o3.ivy: line 427: hermes_protocol.invar94 ...
PASS
            hermes_o3.ivy: line 428: hermes_protocol.invar95 ...
PASS
            hermes_o3.ivy: line 429: hermes_protocol.invar96 ...
PASS
            hermes_o3.ivy: line 430: hermes_protocol.invar97 ...
PASS
            hermes_o3.ivy: line 432: hermes_protocol.invar98 ...
PASS
            hermes_o3.ivy: line 433: hermes_protocol.invar99 ...
PASS
            hermes_o3.ivy: line 434: hermes_protocol.invar100 ...
PASS
            hermes_o3.ivy: line 435: hermes_protocol.invar101 ...
PASS
            hermes_o3.ivy: line 436: hermes_protocol.invar102 ...
PASS
            hermes_o3.ivy: line 437: hermes_protocol.invar103 ...
PASS
            hermes_o3.ivy: line 438: hermes_protocol.invar104 ...
PASS
            hermes_o3.ivy: line 439: hermes_protocol.invar105 ...
PASS
            hermes_o3.ivy: line 440: hermes_protocol.invar106 ...
PASS
            hermes_o3.ivy: line 441: hermes_protocol.invar107 ...
PASS
            hermes_o3.ivy: line 442: hermes_protocol.invar108 ...
PASS
            hermes_o3.ivy: line 443: hermes_protocol.invar109 ...
PASS
            hermes_o3.ivy: line 444: hermes_protocol.invar110 ...
PASS
            hermes_o3.ivy: line 445: hermes_protocol.invar111 ...
PASS
            hermes_o3.ivy: line 446: hermes_protocol.invar112 ...
PASS
            hermes_o3.ivy: line 447: hermes_protocol.invar113 ...
PASS
            hermes_o3.ivy: line 448: hermes_protocol.invar114 ...
PASS
            hermes_o3.ivy: line 449: hermes_protocol.invar115 ...
PASS
            hermes_o3.ivy: line 450: hermes_protocol.invar116 ...
PASS
            hermes_o3.ivy: line 451: hermes_protocol.invar117 ...
PASS
            hermes_o3.ivy: line 452: hermes_protocol.invar118 ...
PASS
            hermes_o3.ivy: line 457: hermes_protocol.invar119 ...
PASS
            hermes_o3.ivy: line 459: hermes_protocol.invar120 ...
PASS
            hermes_o3.ivy: line 463: hermes_protocol.invar121 ...
PASS
            hermes_o3.ivy: line 464: hermes_protocol.invar122 ...
PASS
            hermes_o3.ivy: line 467: hermes_protocol.invar123 ...
PASS
            hermes_o3.ivy: line 472: hermes_protocol.invar124 ...
PASS
            hermes_o3.ivy: line 473: hermes_protocol.invar125 ...
PASS
            hermes_o3.ivy: line 477: hermes_protocol.invar126 ...
PASS
            hermes_o3.ivy: line 552: hermes_protocol.invar139 ...
PASS
            hermes_o3.ivy: line 553: hermes_protocol.invar140 ...
PASS
            hermes_o3.ivy: line 554: hermes_protocol.invar141 ...
PASS
            hermes_o3.ivy: line 555: hermes_protocol.invar142 ...
PASS
            hermes_o3.ivy: line 556: hermes_protocol.invar143 ...
PASS
            hermes_o3.ivy: line 557: hermes_protocol.invar144 ...
PASS
            hermes_o3.ivy: line 558: hermes_protocol.invar145 ...
PASS
            hermes_o3.ivy: line 559: hermes_protocol.invar146 ...
PASS
        (internal) ext:hermes_protocol.mark_ready
            hermes_o3.ivy: line 411: hermes_protocol.invar80 ...
PASS
            hermes_o3.ivy: line 412: hermes_protocol.invar81 ...
PASS
            hermes_o3.ivy: line 413: hermes_protocol.invar82 ...
PASS
            hermes_o3.ivy: line 414: hermes_protocol.invar83 ...
PASS
            hermes_o3.ivy: line 416: hermes_protocol.invar84 ...
PASS
            hermes_o3.ivy: line 417: hermes_protocol.invar85 ...
PASS
            hermes_o3.ivy: line 418: hermes_protocol.invar86 ...
PASS
            hermes_o3.ivy: line 420: hermes_protocol.invar87 ...
PASS
            hermes_o3.ivy: line 421: hermes_protocol.invar88 ...
PASS
            hermes_o3.ivy: line 422: hermes_protocol.invar89 ...
PASS
            hermes_o3.ivy: line 423: hermes_protocol.invar90 ...
PASS
            hermes_o3.ivy: line 424: hermes_protocol.invar91 ...
PASS
            hermes_o3.ivy: line 425: hermes_protocol.invar92 ...
PASS
            hermes_o3.ivy: line 426: hermes_protocol.invar93 ...
PASS
            hermes_o3.ivy: line 427: hermes_protocol.invar94 ...
PASS
            hermes_o3.ivy: line 428: hermes_protocol.invar95 ...
PASS
            hermes_o3.ivy: line 429: hermes_protocol.invar96 ...
PASS
            hermes_o3.ivy: line 430: hermes_protocol.invar97 ...
PASS
            hermes_o3.ivy: line 432: hermes_protocol.invar98 ...
PASS
            hermes_o3.ivy: line 433: hermes_protocol.invar99 ...
PASS
            hermes_o3.ivy: line 434: hermes_protocol.invar100 ...
PASS
            hermes_o3.ivy: line 435: hermes_protocol.invar101 ...
PASS
            hermes_o3.ivy: line 436: hermes_protocol.invar102 ...
PASS
            hermes_o3.ivy: line 437: hermes_protocol.invar103 ...
PASS
            hermes_o3.ivy: line 438: hermes_protocol.invar104 ...
PASS
            hermes_o3.ivy: line 439: hermes_protocol.invar105 ...
PASS
            hermes_o3.ivy: line 440: hermes_protocol.invar106 ...
PASS
            hermes_o3.ivy: line 441: hermes_protocol.invar107 ...
PASS
            hermes_o3.ivy: line 442: hermes_protocol.invar108 ...
PASS
            hermes_o3.ivy: line 443: hermes_protocol.invar109 ...
PASS
            hermes_o3.ivy: line 444: hermes_protocol.invar110 ...
PASS
            hermes_o3.ivy: line 445: hermes_protocol.invar111 ...
PASS
            hermes_o3.ivy: line 446: hermes_protocol.invar112 ...
PASS
            hermes_o3.ivy: line 447: hermes_protocol.invar113 ...
PASS
            hermes_o3.ivy: line 448: hermes_protocol.invar114 ...
PASS
            hermes_o3.ivy: line 449: hermes_protocol.invar115 ...
PASS
            hermes_o3.ivy: line 450: hermes_protocol.invar116 ...
PASS
            hermes_o3.ivy: line 451: hermes_protocol.invar117 ...
PASS
            hermes_o3.ivy: line 452: hermes_protocol.invar118 ...
PASS
            hermes_o3.ivy: line 457: hermes_protocol.invar119 ...
PASS
            hermes_o3.ivy: line 459: hermes_protocol.invar120 ...
PASS
            hermes_o3.ivy: line 463: hermes_protocol.invar121 ...
PASS
            hermes_o3.ivy: line 464: hermes_protocol.invar122 ...
PASS
            hermes_o3.ivy: line 467: hermes_protocol.invar123 ...
PASS
            hermes_o3.ivy: line 472: hermes_protocol.invar124 ...
PASS
            hermes_o3.ivy: line 473: hermes_protocol.invar125 ...
PASS
            hermes_o3.ivy: line 477: hermes_protocol.invar126 ...
PASS
            hermes_o3.ivy: line 552: hermes_protocol.invar139 ...
PASS
            hermes_o3.ivy: line 553: hermes_protocol.invar140 ...
PASS
            hermes_o3.ivy: line 554: hermes_protocol.invar141 ...
PASS
            hermes_o3.ivy: line 555: hermes_protocol.invar142 ...
PASS
            hermes_o3.ivy: line 556: hermes_protocol.invar143 ...
PASS
            hermes_o3.ivy: line 557: hermes_protocol.invar144 ...
PASS
            hermes_o3.ivy: line 558: hermes_protocol.invar145 ...
PASS
            hermes_o3.ivy: line 559: hermes_protocol.invar146 ...
PASS
        (internal) ext:hermes_protocol.o3_complete
            hermes_o3.ivy: line 411: hermes_protocol.invar80 ...
PASS
            hermes_o3.ivy: line 412: hermes_protocol.invar81 ...
PASS
            hermes_o3.ivy: line 413: hermes_protocol.invar82 ...
PASS
            hermes_o3.ivy: line 414: hermes_protocol.invar83 ...
PASS
            hermes_o3.ivy: line 416: hermes_protocol.invar84 ...
PASS
            hermes_o3.ivy: line 417: hermes_protocol.invar85 ...
PASS
            hermes_o3.ivy: line 418: hermes_protocol.invar86 ...
PASS
            hermes_o3.ivy: line 420: hermes_protocol.invar87 ...
PASS
            hermes_o3.ivy: line 421: hermes_protocol.invar88 ...
PASS
            hermes_o3.ivy: line 422: hermes_protocol.invar89 ...
PASS
            hermes_o3.ivy: line 423: hermes_protocol.invar90 ...
PASS
            hermes_o3.ivy: line 424: hermes_protocol.invar91 ...
PASS
            hermes_o3.ivy: line 425: hermes_protocol.invar92 ...
PASS
            hermes_o3.ivy: line 426: hermes_protocol.invar93 ...
PASS
            hermes_o3.ivy: line 427: hermes_protocol.invar94 ...
PASS
            hermes_o3.ivy: line 428: hermes_protocol.invar95 ...
PASS
            hermes_o3.ivy: line 429: hermes_protocol.invar96 ...
PASS
            hermes_o3.ivy: line 430: hermes_protocol.invar97 ...
PASS
            hermes_o3.ivy: line 432: hermes_protocol.invar98 ...
PASS
            hermes_o3.ivy: line 433: hermes_protocol.invar99 ...
PASS
            hermes_o3.ivy: line 434: hermes_protocol.invar100 ...
PASS
            hermes_o3.ivy: line 435: hermes_protocol.invar101 ...
PASS
            hermes_o3.ivy: line 436: hermes_protocol.invar102 ...
PASS
            hermes_o3.ivy: line 437: hermes_protocol.invar103 ...
PASS
            hermes_o3.ivy: line 438: hermes_protocol.invar104 ...
PASS
            hermes_o3.ivy: line 439: hermes_protocol.invar105 ...
PASS
            hermes_o3.ivy: line 440: hermes_protocol.invar106 ...
PASS
            hermes_o3.ivy: line 441: hermes_protocol.invar107 ...
PASS
            hermes_o3.ivy: line 442: hermes_protocol.invar108 ...
PASS
            hermes_o3.ivy: line 443: hermes_protocol.invar109 ...
PASS
            hermes_o3.ivy: line 444: hermes_protocol.invar110 ...
PASS
            hermes_o3.ivy: line 445: hermes_protocol.invar111 ...
PASS
            hermes_o3.ivy: line 446: hermes_protocol.invar112 ...
PASS
            hermes_o3.ivy: line 447: hermes_protocol.invar113 ...
PASS
            hermes_o3.ivy: line 448: hermes_protocol.invar114 ...
PASS
            hermes_o3.ivy: line 449: hermes_protocol.invar115 ...
PASS
            hermes_o3.ivy: line 450: hermes_protocol.invar116 ...
PASS
            hermes_o3.ivy: line 451: hermes_protocol.invar117 ...
PASS
            hermes_o3.ivy: line 452: hermes_protocol.invar118 ...
PASS
            hermes_o3.ivy: line 457: hermes_protocol.invar119 ...
PASS
            hermes_o3.ivy: line 459: hermes_protocol.invar120 ...
PASS
            hermes_o3.ivy: line 463: hermes_protocol.invar121 ...
PASS
            hermes_o3.ivy: line 464: hermes_protocol.invar122 ...
PASS
            hermes_o3.ivy: line 467: hermes_protocol.invar123 ...
PASS
            hermes_o3.ivy: line 472: hermes_protocol.invar124 ...
PASS
            hermes_o3.ivy: line 473: hermes_protocol.invar125 ...
PASS
            hermes_o3.ivy: line 477: hermes_protocol.invar126 ...
PASS
            hermes_o3.ivy: line 552: hermes_protocol.invar139 ...
PASS
            hermes_o3.ivy: line 553: hermes_protocol.invar140 ...
PASS
            hermes_o3.ivy: line 554: hermes_protocol.invar141 ...
PASS
            hermes_o3.ivy: line 555: hermes_protocol.invar142 ...
PASS
            hermes_o3.ivy: line 556: hermes_protocol.invar143 ...
PASS
            hermes_o3.ivy: line 557: hermes_protocol.invar144 ...
PASS
            hermes_o3.ivy: line 558: hermes_protocol.invar145 ...
PASS
            hermes_o3.ivy: line 559: hermes_protocol.invar146 ...
PASS
        (internal) ext:hermes_protocol.o3_observe_quorum
            hermes_o3.ivy: line 411: hermes_protocol.invar80 ...
PASS
            hermes_o3.ivy: line 412: hermes_protocol.invar81 ...
PASS
            hermes_o3.ivy: line 413: hermes_protocol.invar82 ...
PASS
            hermes_o3.ivy: line 414: hermes_protocol.invar83 ...
PASS
            hermes_o3.ivy: line 416: hermes_protocol.invar84 ...
PASS
            hermes_o3.ivy: line 417: hermes_protocol.invar85 ...
PASS
            hermes_o3.ivy: line 418: hermes_protocol.invar86 ...
PASS
            hermes_o3.ivy: line 420: hermes_protocol.invar87 ...
PASS
            hermes_o3.ivy: line 421: hermes_protocol.invar88 ...
PASS
            hermes_o3.ivy: line 422: hermes_protocol.invar89 ...
PASS
            hermes_o3.ivy: line 423: hermes_protocol.invar90 ...
PASS
            hermes_o3.ivy: line 424: hermes_protocol.invar91 ...
PASS
            hermes_o3.ivy: line 425: hermes_protocol.invar92 ...
PASS
            hermes_o3.ivy: line 426: hermes_protocol.invar93 ...
PASS
            hermes_o3.ivy: line 427: hermes_protocol.invar94 ...
PASS
            hermes_o3.ivy: line 428: hermes_protocol.invar95 ...
PASS
            hermes_o3.ivy: line 429: hermes_protocol.invar96 ...
PASS
            hermes_o3.ivy: line 430: hermes_protocol.invar97 ...
PASS
            hermes_o3.ivy: line 432: hermes_protocol.invar98 ...
PASS
            hermes_o3.ivy: line 433: hermes_protocol.invar99 ...
PASS
            hermes_o3.ivy: line 434: hermes_protocol.invar100 ...
PASS
            hermes_o3.ivy: line 435: hermes_protocol.invar101 ...
PASS
            hermes_o3.ivy: line 436: hermes_protocol.invar102 ...
PASS
            hermes_o3.ivy: line 437: hermes_protocol.invar103 ...
PASS
            hermes_o3.ivy: line 438: hermes_protocol.invar104 ...
PASS
            hermes_o3.ivy: line 439: hermes_protocol.invar105 ...
PASS
            hermes_o3.ivy: line 440: hermes_protocol.invar106 ...
PASS
            hermes_o3.ivy: line 441: hermes_protocol.invar107 ...
PASS
            hermes_o3.ivy: line 442: hermes_protocol.invar108 ...
PASS
            hermes_o3.ivy: line 443: hermes_protocol.invar109 ...
PASS
            hermes_o3.ivy: line 444: hermes_protocol.invar110 ...
PASS
            hermes_o3.ivy: line 445: hermes_protocol.invar111 ...
PASS
            hermes_o3.ivy: line 446: hermes_protocol.invar112 ...
PASS
            hermes_o3.ivy: line 447: hermes_protocol.invar113 ...
PASS
            hermes_o3.ivy: line 448: hermes_protocol.invar114 ...
PASS
            hermes_o3.ivy: line 449: hermes_protocol.invar115 ...
PASS
            hermes_o3.ivy: line 450: hermes_protocol.invar116 ...
PASS
            hermes_o3.ivy: line 451: hermes_protocol.invar117 ...
PASS
            hermes_o3.ivy: line 452: hermes_protocol.invar118 ...
PASS
            hermes_o3.ivy: line 457: hermes_protocol.invar119 ...
PASS
            hermes_o3.ivy: line 459: hermes_protocol.invar120 ...
PASS
            hermes_o3.ivy: line 463: hermes_protocol.invar121 ...
PASS
            hermes_o3.ivy: line 464: hermes_protocol.invar122 ...
PASS
            hermes_o3.ivy: line 467: hermes_protocol.invar123 ...
PASS
            hermes_o3.ivy: line 472: hermes_protocol.invar124 ...
PASS
            hermes_o3.ivy: line 473: hermes_protocol.invar125 ...
PASS
            hermes_o3.ivy: line 477: hermes_protocol.invar126 ...
PASS
            hermes_o3.ivy: line 552: hermes_protocol.invar139 ...
PASS
            hermes_o3.ivy: line 553: hermes_protocol.invar140 ...
PASS
            hermes_o3.ivy: line 554: hermes_protocol.invar141 ...
PASS
            hermes_o3.ivy: line 555: hermes_protocol.invar142 ...
PASS
            hermes_o3.ivy: line 556: hermes_protocol.invar143 ...
PASS
            hermes_o3.ivy: line 557: hermes_protocol.invar144 ...
PASS
            hermes_o3.ivy: line 558: hermes_protocol.invar145 ...
PASS
            hermes_o3.ivy: line 559: hermes_protocol.invar146 ...
PASS
        (internal) ext:hermes_protocol.receive_ack
            hermes_o3.ivy: line 411: hermes_protocol.invar80 ...
PASS
            hermes_o3.ivy: line 412: hermes_protocol.invar81 ...
PASS
            hermes_o3.ivy: line 413: hermes_protocol.invar82 ...
PASS
            hermes_o3.ivy: line 414: hermes_protocol.invar83 ...
PASS
            hermes_o3.ivy: line 416: hermes_protocol.invar84 ...
PASS
            hermes_o3.ivy: line 417: hermes_protocol.invar85 ...
PASS
            hermes_o3.ivy: line 418: hermes_protocol.invar86 ...
PASS
            hermes_o3.ivy: line 420: hermes_protocol.invar87 ...
PASS
            hermes_o3.ivy: line 421: hermes_protocol.invar88 ...
PASS
            hermes_o3.ivy: line 422: hermes_protocol.invar89 ...
PASS
            hermes_o3.ivy: line 423: hermes_protocol.invar90 ...
PASS
            hermes_o3.ivy: line 424: hermes_protocol.invar91 ...
PASS
            hermes_o3.ivy: line 425: hermes_protocol.invar92 ...
PASS
            hermes_o3.ivy: line 426: hermes_protocol.invar93 ...
PASS
            hermes_o3.ivy: line 427: hermes_protocol.invar94 ...
PASS
            hermes_o3.ivy: line 428: hermes_protocol.invar95 ...
PASS
            hermes_o3.ivy: line 429: hermes_protocol.invar96 ...
PASS
            hermes_o3.ivy: line 430: hermes_protocol.invar97 ...
PASS
            hermes_o3.ivy: line 432: hermes_protocol.invar98 ...
PASS
            hermes_o3.ivy: line 433: hermes_protocol.invar99 ...
PASS
            hermes_o3.ivy: line 434: hermes_protocol.invar100 ...
PASS
            hermes_o3.ivy: line 435: hermes_protocol.invar101 ...
PASS
            hermes_o3.ivy: line 436: hermes_protocol.invar102 ...
PASS
            hermes_o3.ivy: line 437: hermes_protocol.invar103 ...
PASS
            hermes_o3.ivy: line 438: hermes_protocol.invar104 ...
PASS
            hermes_o3.ivy: line 439: hermes_protocol.invar105 ...
PASS
            hermes_o3.ivy: line 440: hermes_protocol.invar106 ...
PASS
            hermes_o3.ivy: line 441: hermes_protocol.invar107 ...
PASS
            hermes_o3.ivy: line 442: hermes_protocol.invar108 ...
PASS
            hermes_o3.ivy: line 443: hermes_protocol.invar109 ...
PASS
            hermes_o3.ivy: line 444: hermes_protocol.invar110 ...
PASS
            hermes_o3.ivy: line 445: hermes_protocol.invar111 ...
PASS
            hermes_o3.ivy: line 446: hermes_protocol.invar112 ...
PASS
            hermes_o3.ivy: line 447: hermes_protocol.invar113 ...
PASS
            hermes_o3.ivy: line 448: hermes_protocol.invar114 ...
PASS
            hermes_o3.ivy: line 449: hermes_protocol.invar115 ...
PASS
            hermes_o3.ivy: line 450: hermes_protocol.invar116 ...
PASS
            hermes_o3.ivy: line 451: hermes_protocol.invar117 ...
PASS
            hermes_o3.ivy: line 452: hermes_protocol.invar118 ...
PASS
            hermes_o3.ivy: line 457: hermes_protocol.invar119 ...
PASS
            hermes_o3.ivy: line 459: hermes_protocol.invar120 ...
PASS
            hermes_o3.ivy: line 463: hermes_protocol.invar121 ...
PASS
            hermes_o3.ivy: line 464: hermes_protocol.invar122 ...
PASS
            hermes_o3.ivy: line 467: hermes_protocol.invar123 ...
PASS
            hermes_o3.ivy: line 472: hermes_protocol.invar124 ...
PASS
            hermes_o3.ivy: line 473: hermes_protocol.invar125 ...
PASS
            hermes_o3.ivy: line 477: hermes_protocol.invar126 ...
PASS
            hermes_o3.ivy: line 552: hermes_protocol.invar139 ...
PASS
            hermes_o3.ivy: line 553: hermes_protocol.invar140 ...
PASS
            hermes_o3.ivy: line 554: hermes_protocol.invar141 ...
PASS
            hermes_o3.ivy: line 555: hermes_protocol.invar142 ...
PASS
            hermes_o3.ivy: line 556: hermes_protocol.invar143 ...
PASS
            hermes_o3.ivy: line 557: hermes_protocol.invar144 ...
PASS
            hermes_o3.ivy: line 558: hermes_protocol.invar145 ...
PASS
            hermes_o3.ivy: line 559: hermes_protocol.invar146 ...
PASS
        (internal) ext:hermes_protocol.receive_rmw_inv
            hermes_o3.ivy: line 411: hermes_protocol.invar80 ...
PASS
            hermes_o3.ivy: line 412: hermes_protocol.invar81 ...
PASS
            hermes_o3.ivy: line 413: hermes_protocol.invar82 ...
PASS
            hermes_o3.ivy: line 414: hermes_protocol.invar83 ...
PASS
            hermes_o3.ivy: line 416: hermes_protocol.invar84 ...
PASS
            hermes_o3.ivy: line 417: hermes_protocol.invar85 ...
PASS
            hermes_o3.ivy: line 418: hermes_protocol.invar86 ...
PASS
            hermes_o3.ivy: line 420: hermes_protocol.invar87 ...
PASS
            hermes_o3.ivy: line 421: hermes_protocol.invar88 ...
PASS
            hermes_o3.ivy: line 422: hermes_protocol.invar89 ...
PASS
            hermes_o3.ivy: line 423: hermes_protocol.invar90 ...
PASS
            hermes_o3.ivy: line 424: hermes_protocol.invar91 ...
PASS
            hermes_o3.ivy: line 425: hermes_protocol.invar92 ...
PASS
            hermes_o3.ivy: line 426: hermes_protocol.invar93 ...
PASS
            hermes_o3.ivy: line 427: hermes_protocol.invar94 ...
PASS
            hermes_o3.ivy: line 428: hermes_protocol.invar95 ...
PASS
            hermes_o3.ivy: line 429: hermes_protocol.invar96 ...
PASS
            hermes_o3.ivy: line 430: hermes_protocol.invar97 ...
PASS
            hermes_o3.ivy: line 432: hermes_protocol.invar98 ...
PASS
            hermes_o3.ivy: line 433: hermes_protocol.invar99 ...
PASS
            hermes_o3.ivy: line 434: hermes_protocol.invar100 ...
PASS
            hermes_o3.ivy: line 435: hermes_protocol.invar101 ...
PASS
            hermes_o3.ivy: line 436: hermes_protocol.invar102 ...
PASS
            hermes_o3.ivy: line 437: hermes_protocol.invar103 ...
PASS
            hermes_o3.ivy: line 438: hermes_protocol.invar104 ...
PASS
            hermes_o3.ivy: line 439: hermes_protocol.invar105 ...
PASS
            hermes_o3.ivy: line 440: hermes_protocol.invar106 ...
PASS
            hermes_o3.ivy: line 441: hermes_protocol.invar107 ...
PASS
            hermes_o3.ivy: line 442: hermes_protocol.invar108 ...
PASS
            hermes_o3.ivy: line 443: hermes_protocol.invar109 ...
PASS
            hermes_o3.ivy: line 444: hermes_protocol.invar110 ...
PASS
            hermes_o3.ivy: line 445: hermes_protocol.invar111 ...
PASS
            hermes_o3.ivy: line 446: hermes_protocol.invar112 ...
PASS
            hermes_o3.ivy: line 447: hermes_protocol.invar113 ...
PASS
            hermes_o3.ivy: line 448: hermes_protocol.invar114 ...
PASS
            hermes_o3.ivy: line 449: hermes_protocol.invar115 ...
PASS
            hermes_o3.ivy: line 450: hermes_protocol.invar116 ...
PASS
            hermes_o3.ivy: line 451: hermes_protocol.invar117 ...
PASS
            hermes_o3.ivy: line 452: hermes_protocol.invar118 ...
PASS
            hermes_o3.ivy: line 457: hermes_protocol.invar119 ...
PASS
            hermes_o3.ivy: line 459: hermes_protocol.invar120 ...
PASS
            hermes_o3.ivy: line 463: hermes_protocol.invar121 ...
PASS
            hermes_o3.ivy: line 464: hermes_protocol.invar122 ...
PASS
            hermes_o3.ivy: line 467: hermes_protocol.invar123 ...
PASS
            hermes_o3.ivy: line 472: hermes_protocol.invar124 ...
PASS
            hermes_o3.ivy: line 473: hermes_protocol.invar125 ...
PASS
            hermes_o3.ivy: line 477: hermes_protocol.invar126 ...
PASS
            hermes_o3.ivy: line 552: hermes_protocol.invar139 ...
PASS
            hermes_o3.ivy: line 553: hermes_protocol.invar140 ...
PASS
            hermes_o3.ivy: line 554: hermes_protocol.invar141 ...
PASS
            hermes_o3.ivy: line 555: hermes_protocol.invar142 ...
PASS
            hermes_o3.ivy: line 556: hermes_protocol.invar143 ...
PASS
            hermes_o3.ivy: line 557: hermes_protocol.invar144 ...
PASS
            hermes_o3.ivy: line 558: hermes_protocol.invar145 ...
PASS
            hermes_o3.ivy: line 559: hermes_protocol.invar146 ...
PASS
        (internal) ext:hermes_protocol.receive_rmw_inv_completed_conflict
            hermes_o3.ivy: line 411: hermes_protocol.invar80 ...
PASS
            hermes_o3.ivy: line 412: hermes_protocol.invar81 ...
PASS
            hermes_o3.ivy: line 413: hermes_protocol.invar82 ...
PASS
            hermes_o3.ivy: line 414: hermes_protocol.invar83 ...
PASS
            hermes_o3.ivy: line 416: hermes_protocol.invar84 ...
PASS
            hermes_o3.ivy: line 417: hermes_protocol.invar85 ...
PASS
            hermes_o3.ivy: line 418: hermes_protocol.invar86 ...
PASS
            hermes_o3.ivy: line 420: hermes_protocol.invar87 ...
PASS
            hermes_o3.ivy: line 421: hermes_protocol.invar88 ...
PASS
            hermes_o3.ivy: line 422: hermes_protocol.invar89 ...
PASS
            hermes_o3.ivy: line 423: hermes_protocol.invar90 ...
PASS
            hermes_o3.ivy: line 424: hermes_protocol.invar91 ...
PASS
            hermes_o3.ivy: line 425: hermes_protocol.invar92 ...
PASS
            hermes_o3.ivy: line 426: hermes_protocol.invar93 ...
PASS
            hermes_o3.ivy: line 427: hermes_protocol.invar94 ...
PASS
            hermes_o3.ivy: line 428: hermes_protocol.invar95 ...
PASS
            hermes_o3.ivy: line 429: hermes_protocol.invar96 ...
PASS
            hermes_o3.ivy: line 430: hermes_protocol.invar97 ...
PASS
            hermes_o3.ivy: line 432: hermes_protocol.invar98 ...
PASS
            hermes_o3.ivy: line 433: hermes_protocol.invar99 ...
PASS
            hermes_o3.ivy: line 434: hermes_protocol.invar100 ...
PASS
            hermes_o3.ivy: line 435: hermes_protocol.invar101 ...
PASS
            hermes_o3.ivy: line 436: hermes_protocol.invar102 ...
PASS
            hermes_o3.ivy: line 437: hermes_protocol.invar103 ...
PASS
            hermes_o3.ivy: line 438: hermes_protocol.invar104 ...
PASS
            hermes_o3.ivy: line 439: hermes_protocol.invar105 ...
PASS
            hermes_o3.ivy: line 440: hermes_protocol.invar106 ...
PASS
            hermes_o3.ivy: line 441: hermes_protocol.invar107 ...
PASS
            hermes_o3.ivy: line 442: hermes_protocol.invar108 ...
PASS
            hermes_o3.ivy: line 443: hermes_protocol.invar109 ...
PASS
            hermes_o3.ivy: line 444: hermes_protocol.invar110 ...
PASS
            hermes_o3.ivy: line 445: hermes_protocol.invar111 ...
PASS
            hermes_o3.ivy: line 446: hermes_protocol.invar112 ...
PASS
            hermes_o3.ivy: line 447: hermes_protocol.invar113 ...
PASS
            hermes_o3.ivy: line 448: hermes_protocol.invar114 ...
PASS
            hermes_o3.ivy: line 449: hermes_protocol.invar115 ...
PASS
            hermes_o3.ivy: line 450: hermes_protocol.invar116 ...
PASS
            hermes_o3.ivy: line 451: hermes_protocol.invar117 ...
PASS
            hermes_o3.ivy: line 452: hermes_protocol.invar118 ...
PASS
            hermes_o3.ivy: line 457: hermes_protocol.invar119 ...
PASS
            hermes_o3.ivy: line 459: hermes_protocol.invar120 ...
PASS
            hermes_o3.ivy: line 463: hermes_protocol.invar121 ...
PASS
            hermes_o3.ivy: line 464: hermes_protocol.invar122 ...
PASS
            hermes_o3.ivy: line 467: hermes_protocol.invar123 ...
PASS
            hermes_o3.ivy: line 472: hermes_protocol.invar124 ...
PASS
            hermes_o3.ivy: line 473: hermes_protocol.invar125 ...
PASS
            hermes_o3.ivy: line 477: hermes_protocol.invar126 ...
PASS
            hermes_o3.ivy: line 552: hermes_protocol.invar139 ...
PASS
            hermes_o3.ivy: line 553: hermes_protocol.invar140 ...
PASS
            hermes_o3.ivy: line 554: hermes_protocol.invar141 ...
PASS
            hermes_o3.ivy: line 555: hermes_protocol.invar142 ...
PASS
            hermes_o3.ivy: line 556: hermes_protocol.invar143 ...
PASS
            hermes_o3.ivy: line 557: hermes_protocol.invar144 ...
PASS
            hermes_o3.ivy: line 558: hermes_protocol.invar145 ...
PASS
            hermes_o3.ivy: line 559: hermes_protocol.invar146 ...
PASS
        (internal) ext:hermes_protocol.receive_validate
            hermes_o3.ivy: line 411: hermes_protocol.invar80 ...
PASS
            hermes_o3.ivy: line 412: hermes_protocol.invar81 ...
PASS
            hermes_o3.ivy: line 413: hermes_protocol.invar82 ...
PASS
            hermes_o3.ivy: line 414: hermes_protocol.invar83 ...
PASS
            hermes_o3.ivy: line 416: hermes_protocol.invar84 ...
PASS
            hermes_o3.ivy: line 417: hermes_protocol.invar85 ...
PASS
            hermes_o3.ivy: line 418: hermes_protocol.invar86 ...
PASS
            hermes_o3.ivy: line 420: hermes_protocol.invar87 ...
PASS
            hermes_o3.ivy: line 421: hermes_protocol.invar88 ...
PASS
            hermes_o3.ivy: line 422: hermes_protocol.invar89 ...
PASS
            hermes_o3.ivy: line 423: hermes_protocol.invar90 ...
PASS
            hermes_o3.ivy: line 424: hermes_protocol.invar91 ...
PASS
            hermes_o3.ivy: line 425: hermes_protocol.invar92 ...
PASS
            hermes_o3.ivy: line 426: hermes_protocol.invar93 ...
PASS
            hermes_o3.ivy: line 427: hermes_protocol.invar94 ...
PASS
            hermes_o3.ivy: line 428: hermes_protocol.invar95 ...
PASS
            hermes_o3.ivy: line 429: hermes_protocol.invar96 ...
PASS
            hermes_o3.ivy: line 430: hermes_protocol.invar97 ...
PASS
            hermes_o3.ivy: line 432: hermes_protocol.invar98 ...
PASS
            hermes_o3.ivy: line 433: hermes_protocol.invar99 ...
PASS
            hermes_o3.ivy: line 434: hermes_protocol.invar100 ...
PASS
            hermes_o3.ivy: line 435: hermes_protocol.invar101 ...
PASS
            hermes_o3.ivy: line 436: hermes_protocol.invar102 ...
PASS
            hermes_o3.ivy: line 437: hermes_protocol.invar103 ...
PASS
            hermes_o3.ivy: line 438: hermes_protocol.invar104 ...
PASS
            hermes_o3.ivy: line 439: hermes_protocol.invar105 ...
PASS
            hermes_o3.ivy: line 440: hermes_protocol.invar106 ...
PASS
            hermes_o3.ivy: line 441: hermes_protocol.invar107 ...
PASS
            hermes_o3.ivy: line 442: hermes_protocol.invar108 ...
PASS
            hermes_o3.ivy: line 443: hermes_protocol.invar109 ...
PASS
            hermes_o3.ivy: line 444: hermes_protocol.invar110 ...
PASS
            hermes_o3.ivy: line 445: hermes_protocol.invar111 ...
PASS
            hermes_o3.ivy: line 446: hermes_protocol.invar112 ...
PASS
            hermes_o3.ivy: line 447: hermes_protocol.invar113 ...
PASS
            hermes_o3.ivy: line 448: hermes_protocol.invar114 ...
PASS
            hermes_o3.ivy: line 449: hermes_protocol.invar115 ...
PASS
            hermes_o3.ivy: line 450: hermes_protocol.invar116 ...
PASS
            hermes_o3.ivy: line 451: hermes_protocol.invar117 ...
PASS
            hermes_o3.ivy: line 452: hermes_protocol.invar118 ...
PASS
            hermes_o3.ivy: line 457: hermes_protocol.invar119 ...
PASS
            hermes_o3.ivy: line 459: hermes_protocol.invar120 ...
PASS
            hermes_o3.ivy: line 463: hermes_protocol.invar121 ...
PASS
            hermes_o3.ivy: line 464: hermes_protocol.invar122 ...
PASS
            hermes_o3.ivy: line 467: hermes_protocol.invar123 ...
PASS
            hermes_o3.ivy: line 472: hermes_protocol.invar124 ...
PASS
            hermes_o3.ivy: line 473: hermes_protocol.invar125 ...
PASS
            hermes_o3.ivy: line 477: hermes_protocol.invar126 ...
PASS
            hermes_o3.ivy: line 552: hermes_protocol.invar139 ...
PASS
            hermes_o3.ivy: line 553: hermes_protocol.invar140 ...
PASS
            hermes_o3.ivy: line 554: hermes_protocol.invar141 ...
PASS
            hermes_o3.ivy: line 555: hermes_protocol.invar142 ...
PASS
            hermes_o3.ivy: line 556: hermes_protocol.invar143 ...
PASS
            hermes_o3.ivy: line 557: hermes_protocol.invar144 ...
PASS
            hermes_o3.ivy: line 558: hermes_protocol.invar145 ...
PASS
            hermes_o3.ivy: line 559: hermes_protocol.invar146 ...
PASS
        (internal) ext:hermes_protocol.receive_write_inv
            hermes_o3.ivy: line 411: hermes_protocol.invar80 ...
PASS
            hermes_o3.ivy: line 412: hermes_protocol.invar81 ...
PASS
            hermes_o3.ivy: line 413: hermes_protocol.invar82 ...
PASS
            hermes_o3.ivy: line 414: hermes_protocol.invar83 ...
PASS
            hermes_o3.ivy: line 416: hermes_protocol.invar84 ...
PASS
            hermes_o3.ivy: line 417: hermes_protocol.invar85 ...
PASS
            hermes_o3.ivy: line 418: hermes_protocol.invar86 ...
PASS
            hermes_o3.ivy: line 420: hermes_protocol.invar87 ...
PASS
            hermes_o3.ivy: line 421: hermes_protocol.invar88 ...
PASS
            hermes_o3.ivy: line 422: hermes_protocol.invar89 ...
PASS
            hermes_o3.ivy: line 423: hermes_protocol.invar90 ...
PASS
            hermes_o3.ivy: line 424: hermes_protocol.invar91 ...
PASS
            hermes_o3.ivy: line 425: hermes_protocol.invar92 ...
PASS
            hermes_o3.ivy: line 426: hermes_protocol.invar93 ...
PASS
            hermes_o3.ivy: line 427: hermes_protocol.invar94 ...
PASS
            hermes_o3.ivy: line 428: hermes_protocol.invar95 ...
PASS
            hermes_o3.ivy: line 429: hermes_protocol.invar96 ...
PASS
            hermes_o3.ivy: line 430: hermes_protocol.invar97 ...
PASS
            hermes_o3.ivy: line 432: hermes_protocol.invar98 ...
PASS
            hermes_o3.ivy: line 433: hermes_protocol.invar99 ...
PASS
            hermes_o3.ivy: line 434: hermes_protocol.invar100 ...
PASS
            hermes_o3.ivy: line 435: hermes_protocol.invar101 ...
PASS
            hermes_o3.ivy: line 436: hermes_protocol.invar102 ...
PASS
            hermes_o3.ivy: line 437: hermes_protocol.invar103 ...
PASS
            hermes_o3.ivy: line 438: hermes_protocol.invar104 ...
PASS
            hermes_o3.ivy: line 439: hermes_protocol.invar105 ...
PASS
            hermes_o3.ivy: line 440: hermes_protocol.invar106 ...
PASS
            hermes_o3.ivy: line 441: hermes_protocol.invar107 ...
PASS
            hermes_o3.ivy: line 442: hermes_protocol.invar108 ...
PASS
            hermes_o3.ivy: line 443: hermes_protocol.invar109 ...
PASS
            hermes_o3.ivy: line 444: hermes_protocol.invar110 ...
PASS
            hermes_o3.ivy: line 445: hermes_protocol.invar111 ...
PASS
            hermes_o3.ivy: line 446: hermes_protocol.invar112 ...
PASS
            hermes_o3.ivy: line 447: hermes_protocol.invar113 ...
PASS
            hermes_o3.ivy: line 448: hermes_protocol.invar114 ...
PASS
            hermes_o3.ivy: line 449: hermes_protocol.invar115 ...
PASS
            hermes_o3.ivy: line 450: hermes_protocol.invar116 ...
PASS
            hermes_o3.ivy: line 451: hermes_protocol.invar117 ...
PASS
            hermes_o3.ivy: line 452: hermes_protocol.invar118 ...
PASS
            hermes_o3.ivy: line 457: hermes_protocol.invar119 ...
PASS
            hermes_o3.ivy: line 459: hermes_protocol.invar120 ...
PASS
            hermes_o3.ivy: line 463: hermes_protocol.invar121 ...
PASS
            hermes_o3.ivy: line 464: hermes_protocol.invar122 ...
PASS
            hermes_o3.ivy: line 467: hermes_protocol.invar123 ...
PASS
            hermes_o3.ivy: line 472: hermes_protocol.invar124 ...
PASS
            hermes_o3.ivy: line 473: hermes_protocol.invar125 ...
PASS
            hermes_o3.ivy: line 477: hermes_protocol.invar126 ...
PASS
            hermes_o3.ivy: line 552: hermes_protocol.invar139 ...
PASS
            hermes_o3.ivy: line 553: hermes_protocol.invar140 ...
PASS
            hermes_o3.ivy: line 554: hermes_protocol.invar141 ...
PASS
            hermes_o3.ivy: line 555: hermes_protocol.invar142 ...
PASS
            hermes_o3.ivy: line 556: hermes_protocol.invar143 ...
PASS
            hermes_o3.ivy: line 557: hermes_protocol.invar144 ...
PASS
            hermes_o3.ivy: line 558: hermes_protocol.invar145 ...
PASS
            hermes_o3.ivy: line 559: hermes_protocol.invar146 ...
PASS
        (internal) ext:hermes_protocol.replay_after_failure
            hermes_o3.ivy: line 411: hermes_protocol.invar80 ...
PASS
            hermes_o3.ivy: line 412: hermes_protocol.invar81 ...
PASS
            hermes_o3.ivy: line 413: hermes_protocol.invar82 ...
PASS
            hermes_o3.ivy: line 414: hermes_protocol.invar83 ...
PASS
            hermes_o3.ivy: line 416: hermes_protocol.invar84 ...
PASS
            hermes_o3.ivy: line 417: hermes_protocol.invar85 ...
PASS
            hermes_o3.ivy: line 418: hermes_protocol.invar86 ...
PASS
            hermes_o3.ivy: line 420: hermes_protocol.invar87 ...
PASS
            hermes_o3.ivy: line 421: hermes_protocol.invar88 ...
PASS
            hermes_o3.ivy: line 422: hermes_protocol.invar89 ...
PASS
            hermes_o3.ivy: line 423: hermes_protocol.invar90 ...
PASS
            hermes_o3.ivy: line 424: hermes_protocol.invar91 ...
PASS
            hermes_o3.ivy: line 425: hermes_protocol.invar92 ...
PASS
            hermes_o3.ivy: line 426: hermes_protocol.invar93 ...
PASS
            hermes_o3.ivy: line 427: hermes_protocol.invar94 ...
PASS
            hermes_o3.ivy: line 428: hermes_protocol.invar95 ...
PASS
            hermes_o3.ivy: line 429: hermes_protocol.invar96 ...
PASS
            hermes_o3.ivy: line 430: hermes_protocol.invar97 ...
PASS
            hermes_o3.ivy: line 432: hermes_protocol.invar98 ...
PASS
            hermes_o3.ivy: line 433: hermes_protocol.invar99 ...
PASS
            hermes_o3.ivy: line 434: hermes_protocol.invar100 ...
PASS
            hermes_o3.ivy: line 435: hermes_protocol.invar101 ...
PASS
            hermes_o3.ivy: line 436: hermes_protocol.invar102 ...
PASS
            hermes_o3.ivy: line 437: hermes_protocol.invar103 ...
PASS
            hermes_o3.ivy: line 438: hermes_protocol.invar104 ...
PASS
            hermes_o3.ivy: line 439: hermes_protocol.invar105 ...
PASS
            hermes_o3.ivy: line 440: hermes_protocol.invar106 ...
PASS
            hermes_o3.ivy: line 441: hermes_protocol.invar107 ...
PASS
            hermes_o3.ivy: line 442: hermes_protocol.invar108 ...
PASS
            hermes_o3.ivy: line 443: hermes_protocol.invar109 ...
PASS
            hermes_o3.ivy: line 444: hermes_protocol.invar110 ...
PASS
            hermes_o3.ivy: line 445: hermes_protocol.invar111 ...
PASS
            hermes_o3.ivy: line 446: hermes_protocol.invar112 ...
PASS
            hermes_o3.ivy: line 447: hermes_protocol.invar113 ...
PASS
            hermes_o3.ivy: line 448: hermes_protocol.invar114 ...
PASS
            hermes_o3.ivy: line 449: hermes_protocol.invar115 ...
PASS
            hermes_o3.ivy: line 450: hermes_protocol.invar116 ...
PASS
            hermes_o3.ivy: line 451: hermes_protocol.invar117 ...
PASS
            hermes_o3.ivy: line 452: hermes_protocol.invar118 ...
PASS
            hermes_o3.ivy: line 457: hermes_protocol.invar119 ...
PASS
            hermes_o3.ivy: line 459: hermes_protocol.invar120 ...
PASS
            hermes_o3.ivy: line 463: hermes_protocol.invar121 ...
PASS
            hermes_o3.ivy: line 464: hermes_protocol.invar122 ...
PASS
            hermes_o3.ivy: line 467: hermes_protocol.invar123 ...
PASS
            hermes_o3.ivy: line 472: hermes_protocol.invar124 ...
PASS
            hermes_o3.ivy: line 473: hermes_protocol.invar125 ...
PASS
            hermes_o3.ivy: line 477: hermes_protocol.invar126 ...
PASS
            hermes_o3.ivy: line 552: hermes_protocol.invar139 ...
PASS
            hermes_o3.ivy: line 553: hermes_protocol.invar140 ...
PASS
            hermes_o3.ivy: line 554: hermes_protocol.invar141 ...
PASS
            hermes_o3.ivy: line 555: hermes_protocol.invar142 ...
PASS
            hermes_o3.ivy: line 556: hermes_protocol.invar143 ...
PASS
            hermes_o3.ivy: line 557: hermes_protocol.invar144 ...
PASS
            hermes_o3.ivy: line 558: hermes_protocol.invar145 ...
PASS
            hermes_o3.ivy: line 559: hermes_protocol.invar146 ...
PASS

    The following program assertions are treated as assumptions:
        in action hermes_protocol.local_write when called from the environment:
            hermes_o3.ivy: line 134: assumption
            hermes_o3.ivy: line 135: assumption
            hermes_o3.ivy: line 136: assumption
            hermes_o3.ivy: line 137: assumption
            hermes_o3.ivy: line 138: assumption
            hermes_o3.ivy: line 139: assumption
            hermes_o3.ivy: line 142: assumption
        in action hermes_protocol.local_rmw when called from the environment:
            hermes_o3.ivy: line 165: assumption
            hermes_o3.ivy: line 166: assumption
            hermes_o3.ivy: line 167: assumption
            hermes_o3.ivy: line 168: assumption
            hermes_o3.ivy: line 169: assumption
            hermes_o3.ivy: line 170: assumption
            hermes_o3.ivy: line 172: assumption
        in action hermes_protocol.receive_write_inv when called from the environment:
            hermes_o3.ivy: line 195: assumption
            hermes_o3.ivy: line 196: assumption
            hermes_o3.ivy: line 197: assumption
        in action hermes_protocol.receive_rmw_inv when called from the environment:
            hermes_o3.ivy: line 227: assumption
            hermes_o3.ivy: line 228: assumption
            hermes_o3.ivy: line 229: assumption
            hermes_o3.ivy: line 230: assumption
        in action hermes_protocol.receive_rmw_inv_completed_conflict when called from the environment:
            hermes_o3.ivy: line 271: assumption
            hermes_o3.ivy: line 272: assumption
            hermes_o3.ivy: line 273: assumption
            hermes_o3.ivy: line 274: assumption
            hermes_o3.ivy: line 275: assumption
            hermes_o3.ivy: line 276: assumption
            hermes_o3.ivy: line 277: assumption
            hermes_o3.ivy: line 278: assumption
        in action hermes_protocol.receive_ack when called from the environment:
            hermes_o3.ivy: line 291: assumption
            hermes_o3.ivy: line 292: assumption
            hermes_o3.ivy: line 293: assumption
            hermes_o3.ivy: line 294: assumption
        in action hermes_protocol.complete_current when called from the environment:
            hermes_o3.ivy: line 316: assumption
            hermes_o3.ivy: line 317: assumption
            hermes_o3.ivy: line 318: assumption
            hermes_o3.ivy: line 319: assumption
            hermes_o3.ivy: line 320: assumption
            hermes_o3.ivy: line 321: assumption
            hermes_o3.ivy: line 322: assumption
        in action hermes_protocol.complete_overwritten when called from the environment:
            hermes_o3.ivy: line 335: assumption
            hermes_o3.ivy: line 336: assumption
            hermes_o3.ivy: line 337: assumption
            hermes_o3.ivy: line 338: assumption
            hermes_o3.ivy: line 339: assumption
            hermes_o3.ivy: line 340: assumption
        in action hermes_protocol.complete_ready when called from the environment:
            hermes_o3.ivy: line 484: assumption
        in action hermes_protocol.o3_observe_quorum when called from the environment:
            hermes_o3.ivy: line 519: assumption
            hermes_o3.ivy: line 520: assumption
            hermes_o3.ivy: line 521: assumption
        in action hermes_protocol.o3_complete when called from the environment:
            hermes_o3.ivy: line 529: assumption
            hermes_o3.ivy: line 530: assumption
            hermes_o3.ivy: line 531: assumption
            hermes_o3.ivy: line 532: assumption
            hermes_o3.ivy: line 533: assumption
        in action hermes_protocol.mark_ready when called from the environment:
            hermes_o3.ivy: line 303: assumption
            hermes_o3.ivy: line 304: assumption
            hermes_o3.ivy: line 305: assumption
            hermes_o3.ivy: line 306: assumption
            hermes_o3.ivy: line 307: assumption
            hermes_o3.ivy: line 308: assumption
        in action hermes_protocol.receive_validate when called from the environment:
            hermes_o3.ivy: line 355: assumption
            hermes_o3.ivy: line 356: assumption
        in action hermes_protocol.replay_after_failure when called from the environment:
            hermes_o3.ivy: line 372: assumption
            hermes_o3.ivy: line 373: assumption
            hermes_o3.ivy: line 374: assumption
            hermes_o3.ivy: line 375: assumption
            hermes_o3.ivy: line 376: assumption
        in action hermes_protocol.fail when called from the environment:
            hermes_o3.ivy: line 396: assumption

    The following temporal property is being proved:

        hermes_o3.ivy: line 561: hermes_protocol.ready_epochs_eventually_finish ...

--- begin l2s_auto invariants ---

invariant [invar154] (l2s_saved & ($l2s_s . (hermes_protocol.ready(_N) & hermes_protocol.ready_epoch(_N) = _E)) & ~hermes_protocol.epoch_done(_E)) -> (hermes_protocol.ready(_N) & hermes_protocol.ready_epoch(_N) = _E)
invariant [l2s_needed_when_start] (($l2s_init . ⬦ ((hermes_protocol.ready(_N) & hermes_protocol.ready_epoch(_N) = _E) & □ ~hermes_protocol.epoch_done(_E))) & (~l2s_waiting | ~($l2s_w . ((hermes_protocol.ready(_N) & hermes_protocol.ready_epoch(_N) = _E) & □ ~hermes_protocol.epoch_done(_E))))) -> ((((T:ltask = hermes_protocol.ready_task & hermes_protocol.ready(_N)) & hermes_protocol.ready_epoch(_N) = _E) & ~hermes_protocol.epoch_done(_E)) -> true)
invariant [l2s_created] T:ltask = hermes_protocol.ready_task -> true
invariant [l2s_needed_are_frozen] (($l2s_init . ⬦ ((hermes_protocol.ready(_N) & hermes_protocol.ready_epoch(_N) = _E) & □ ~hermes_protocol.epoch_done(_E))) & ~l2s_waiting) -> (~((((T:ltask = hermes_protocol.ready_task & hermes_protocol.ready(_N)) & hermes_protocol.ready_epoch(_N) = _E) & ~hermes_protocol.epoch_done(_E)) -> (T = hermes_protocol.ready_task & hermes_protocol.epoch_done(_E))) -> true)
invariant [l2s_needed_were_frozen] (($l2s_init . ⬦ ((hermes_protocol.ready(_N) & hermes_protocol.ready_epoch(_N) = _E) & □ ~hermes_protocol.epoch_done(_E))) & l2s_saved) -> (~$l2s_s T:ltask. (((T = hermes_protocol.ready_task & hermes_protocol.ready(_N)) & hermes_protocol.ready_epoch(_N) = _E) & ~hermes_protocol.epoch_done(_E)) -> (T = hermes_protocol.ready_task & hermes_protocol.epoch_done(_E))(T) -> true)
invariant [l2s_work_preserved] ($l2s_init . ⬦ ((hermes_protocol.ready(_N) & hermes_protocol.ready_epoch(_N) = _E) & □ ~hermes_protocol.epoch_done(_E))) -> ((l2s_saved & $l2s_s T:ltask. (((T = hermes_protocol.ready_task & hermes_protocol.ready(_N)) & hermes_protocol.ready_epoch(_N) = _E) & ~hermes_protocol.epoch_done(_E)) -> (T = hermes_protocol.ready_task & hermes_protocol.epoch_done(_E))(T)) -> ((((T = hermes_protocol.ready_task & hermes_protocol.ready(_N)) & hermes_protocol.ready_epoch(_N) = _E) & ~hermes_protocol.epoch_done(_E)) -> (T = hermes_protocol.ready_task & hermes_protocol.epoch_done(_E))))
invariant [l2s_progress_made] (l2s_saved & ($l2s_init . ⬦ ((hermes_protocol.ready(_N) & hermes_protocol.ready_epoch(_N) = _E) & □ ~hermes_protocol.epoch_done(_E))) & ($l2s_s . ((hermes_protocol.ready(_N) & hermes_protocol.ready_epoch(_N) = _E) & ~hermes_protocol.epoch_done(_E))) & ~(forall T. $l2s_s T:ltask. (((T = hermes_protocol.ready_task & hermes_protocol.ready(_N)) & hermes_protocol.ready_epoch(_N) = _E) & ~hermes_protocol.epoch_done(_E)) -> (T = hermes_protocol.ready_task & hermes_protocol.epoch_done(_E))(T)) & (($l2s_s . ((hermes_protocol.ready(_N) & hermes_protocol.ready_epoch(_N) = _E) & ~hermes_protocol.epoch_done(_E))) -> ~($l2s_w . hermes_protocol.complete_try(_N)))) -> (exists T. (~$l2s_s T:ltask. (((T = hermes_protocol.ready_task & hermes_protocol.ready(_N)) & hermes_protocol.ready_epoch(_N) = _E) & ~hermes_protocol.epoch_done(_E)) -> (T = hermes_protocol.ready_task & hermes_protocol.epoch_done(_E))(T) & ((((T = hermes_protocol.ready_task & hermes_protocol.ready(_N)) & hermes_protocol.ready_epoch(_N) = _E) & ~hermes_protocol.epoch_done(_E)) -> (T = hermes_protocol.ready_task & hermes_protocol.epoch_done(_E)))))
invariant [l2s_progress_invar] ($l2s_init . □ ⬦ hermes_protocol.complete_try(_N)) -> □ ⬦ hermes_protocol.complete_try(_N)
invariant [l2s_sched_stable] (($l2s_s . ((hermes_protocol.ready(_N) & hermes_protocol.ready_epoch(_N) = _E) & ~hermes_protocol.epoch_done(_E))) & l2s_saved & ($l2s_init . ⬦ ((hermes_protocol.ready(_N) & hermes_protocol.ready_epoch(_N) = _E) & □ ~hermes_protocol.epoch_done(_E))) & ($l2s_w . hermes_protocol.complete_try(_N))) -> ((hermes_protocol.ready(_N) & hermes_protocol.ready_epoch(_N) = _E) & ~hermes_protocol.epoch_done(_E))
invariant [l2s_not_all_done] (~(($l2s_init . ⬦ ((hermes_protocol.ready(_N) & hermes_protocol.ready_epoch(_N) = _E) & □ ~hermes_protocol.epoch_done(_E))) & (~l2s_waiting | ~($l2s_w . ((hermes_protocol.ready(_N) & hermes_protocol.ready_epoch(_N) = _E) & □ ~hermes_protocol.epoch_done(_E))))) | ~(forall T. ((hermes_protocol.ready(_N) & hermes_protocol.ready_epoch(_N) = _E) & ~hermes_protocol.epoch_done(_E)) -> ((((T:ltask = hermes_protocol.ready_task & hermes_protocol.ready(_N)) & hermes_protocol.ready_epoch(_N) = _E) & ~hermes_protocol.epoch_done(_E)) -> (T = hermes_protocol.ready_task & hermes_protocol.epoch_done(_E)))))
invariant [l2s_sched_exists] (l2s_saved & ($l2s_init . ⬦ ((hermes_protocol.ready(_N) & hermes_protocol.ready_epoch(_N) = _E) & □ ~hermes_protocol.epoch_done(_E)))) -> ($l2s_s . ((hermes_protocol.ready(_N) & hermes_protocol.ready_epoch(_N) = _E) & ~hermes_protocol.epoch_done(_E)))
invariant [l2s_globally_0] globally[](eventually[](hermes_protocol.complete_try(_N)))
invariant [l2s_globally_1] ~⬦ hermes_protocol.complete_try(_N) -> ~l2s_waiting | ~($l2s_w . hermes_protocol.complete_try(_N))
invariant [l2s_globally_2] $l2s_init . ⬦ hermes_protocol.complete_try(_N)
invariant [l2s_globally_3] □ ~((hermes_protocol.ready(_N) & hermes_protocol.ready_epoch(_N) = _E) & □ ~hermes_protocol.epoch_done(_E)) -> ~l2s_waiting | ~($l2s_w . ~~((hermes_protocol.ready(_N) & hermes_protocol.ready_epoch(_N) = _E) & □ ~hermes_protocol.epoch_done(_E)))
invariant [l2s_globally_4] $l2s_init . ~□ ~((hermes_protocol.ready(_N) & hermes_protocol.ready_epoch(_N) = _E) & □ ~hermes_protocol.epoch_done(_E))
invariant [l2s_globally_5] ($l2s_init . ⬦ ((hermes_protocol.ready(_N) & hermes_protocol.ready_epoch(_N) = _E) & □ ~hermes_protocol.epoch_done(_E))) | ~⬦ ((hermes_protocol.ready(_N) & hermes_protocol.ready_epoch(_N) = _E) & □ ~hermes_protocol.epoch_done(_E))
invariant [l2s_globally_6] (($l2s_init . ⬦ ((hermes_protocol.ready(_N) & hermes_protocol.ready_epoch(_N) = _E) & □ ~hermes_protocol.epoch_done(_E))) & ~⬦ ((hermes_protocol.ready(_N) & hermes_protocol.ready_epoch(_N) = _E) & □ ~hermes_protocol.epoch_done(_E))) -> ~l2s_waiting | ~($l2s_w . ((hermes_protocol.ready(_N) & hermes_protocol.ready_epoch(_N) = _E) & □ ~hermes_protocol.epoch_done(_E)))
invariant [l2s_globally_7] (($l2s_init . ⬦ ((hermes_protocol.ready(_N) & hermes_protocol.ready_epoch(_N) = _E) & □ ~hermes_protocol.epoch_done(_E))) & (~l2s_waiting | ~($l2s_w . ((hermes_protocol.ready(_N) & hermes_protocol.ready_epoch(_N) = _E) & □ ~hermes_protocol.epoch_done(_E))))) -> □ ~hermes_protocol.epoch_done(_E)
invariant [l2s_status_0] l2s_waiting | l2s_frozen | l2s_saved
invariant [l2s_status_1] ~l2s_waiting | ~l2s_frozen
invariant [l2s_status_2] ~l2s_waiting | ~l2s_saved
invariant [l2s_status_3] ~l2s_frozen | ~l2s_saved
invariant [l2s_consts_d] (l2s_d(_N) & l2s_d(hermes_protocol.init_ts) & l2s_d(hermes_protocol.init_value) & l2s_d(hermes_protocol.init_epoch) & l2s_d(_E))
invariant [neg_prop_init] ~(($l2s_init . □ ⬦ hermes_protocol.complete_try(_N)) -> ($l2s_init . □ ~((hermes_protocol.ready(_N) & hermes_protocol.ready_epoch(_N) = _E) & □ ~hermes_protocol.epoch_done(_E))))

--- end l2s_auto invariants ---

    The following properties are treated as axioms: 
        hermes_o3.ivy: line 11: hermes_protocol.axiom1
        hermes_o3.ivy: line 12: hermes_protocol.axiom2
        hermes_o3.ivy: line 13: hermes_protocol.axiom3
        hermes_o3.ivy: line 14: hermes_protocol.axiom4
        hermes_o3.ivy: line 56: hermes_protocol.axiom6

    The following properties are treated as properties:

    The following properties are treated as conjectures: 
        hermes_o3.ivy: line 573: invar154
        hermes_o3.ivy: line 565: l2s_needed_when_start
        hermes_o3.ivy: line 565: l2s_created
        hermes_o3.ivy: line 565: l2s_needed_are_frozen
        hermes_o3.ivy: line 565: l2s_needed_were_frozen
        hermes_o3.ivy: line 565: l2s_work_preserved
        hermes_o3.ivy: line 565: l2s_progress_made
        hermes_o3.ivy: line 565: l2s_progress_invar
        hermes_o3.ivy: line 565: l2s_sched_stable
        hermes_o3.ivy: line 565: l2s_not_all_done
        hermes_o3.ivy: line 565: l2s_sched_exists
        hermes_o3.ivy: line 565: l2s_globally_0
        hermes_o3.ivy: line 565: l2s_globally_1
        hermes_o3.ivy: line 565: l2s_globally_2
        hermes_o3.ivy: line 565: l2s_globally_3
        hermes_o3.ivy: line 565: l2s_globally_4
        hermes_o3.ivy: line 565: l2s_globally_5
        hermes_o3.ivy: line 565: l2s_globally_6
        hermes_o3.ivy: line 565: l2s_globally_7
        hermes_o3.ivy: line 565: l2s_status_0
        hermes_o3.ivy: line 565: l2s_status_1
        hermes_o3.ivy: line 565: l2s_status_2
        hermes_o3.ivy: line 565: l2s_status_3
        hermes_o3.ivy: line 565: l2s_consts_d
        hermes_o3.ivy: line 565: neg_prop_init

    The following properties are assumed as axioms:
        hermes_o3.ivy: line 11: hermes_protocol.axiom1
        hermes_o3.ivy: line 12: hermes_protocol.axiom2
        hermes_o3.ivy: line 13: hermes_protocol.axiom3
        hermes_o3.ivy: line 14: hermes_protocol.axiom4
        hermes_o3.ivy: line 56: hermes_protocol.axiom6

    The following definitions are used:
        hermes_o3.ivy: line 49: hermes_protocol.def5

    The inductive invariant consists of the following conjectures:
        hermes_o3.ivy: line 573: invar154
        hermes_o3.ivy: line 565: l2s_needed_when_start
        hermes_o3.ivy: line 565: l2s_created
        hermes_o3.ivy: line 565: l2s_needed_are_frozen
        hermes_o3.ivy: line 565: l2s_needed_were_frozen
        hermes_o3.ivy: line 565: l2s_work_preserved
        hermes_o3.ivy: line 565: l2s_progress_made
        hermes_o3.ivy: line 565: l2s_progress_invar
        hermes_o3.ivy: line 565: l2s_sched_stable
        hermes_o3.ivy: line 565: l2s_not_all_done
        hermes_o3.ivy: line 565: l2s_sched_exists
        hermes_o3.ivy: line 565: l2s_globally_0
        hermes_o3.ivy: line 565: l2s_globally_1
        hermes_o3.ivy: line 565: l2s_globally_2
        hermes_o3.ivy: line 565: l2s_globally_3
        hermes_o3.ivy: line 565: l2s_globally_4
        hermes_o3.ivy: line 565: l2s_globally_5
        hermes_o3.ivy: line 565: l2s_globally_6
        hermes_o3.ivy: line 565: l2s_globally_7
        hermes_o3.ivy: line 565: l2s_status_0
        hermes_o3.ivy: line 565: l2s_status_1
        hermes_o3.ivy: line 565: l2s_status_2
        hermes_o3.ivy: line 565: l2s_status_3
        hermes_o3.ivy: line 565: l2s_consts_d
        hermes_o3.ivy: line 565: neg_prop_init

    The following action implementations are present:
        hermes_o3.ivy: line 34: implementation of hermes_protocol.complete_current
        hermes_o3.ivy: line 35: implementation of hermes_protocol.complete_overwritten
        hermes_o3.ivy: line 36: implementation of hermes_protocol.complete_ready
        hermes_o3.ivy: line 42: implementation of hermes_protocol.fail
        hermes_o3.ivy: line 29: implementation of hermes_protocol.local_rmw
        hermes_o3.ivy: line 28: implementation of hermes_protocol.local_write
        hermes_o3.ivy: line 39: implementation of hermes_protocol.mark_ready
        hermes_o3.ivy: line 38: implementation of hermes_protocol.o3_complete
        hermes_o3.ivy: line 37: implementation of hermes_protocol.o3_observe_quorum
        hermes_o3.ivy: line 33: implementation of hermes_protocol.receive_ack
        hermes_o3.ivy: line 31: implementation of hermes_protocol.receive_rmw_inv
        hermes_o3.ivy: line 32: implementation of hermes_protocol.receive_rmw_inv_completed_conflict
        hermes_o3.ivy: line 40: implementation of hermes_protocol.receive_validate
        hermes_o3.ivy: line 30: implementation of hermes_protocol.receive_write_inv
        hermes_o3.ivy: line 41: implementation of hermes_protocol.replay_after_failure

    The following action monitors are present:
        hermes_o3.ivy: line 315: monitor of hermes_protocol.complete_current
        hermes_o3.ivy: line 334: monitor of hermes_protocol.complete_overwritten
        hermes_o3.ivy: line 483: monitor of hermes_protocol.complete_ready
        hermes_o3.ivy: line 395: monitor of hermes_protocol.fail
        hermes_o3.ivy: line 164: monitor of hermes_protocol.local_rmw
        hermes_o3.ivy: line 133: monitor of hermes_protocol.local_write
        hermes_o3.ivy: line 302: monitor of hermes_protocol.mark_ready
        hermes_o3.ivy: line 528: monitor of hermes_protocol.o3_complete
        hermes_o3.ivy: line 518: monitor of hermes_protocol.o3_observe_quorum
        hermes_o3.ivy: line 290: monitor of hermes_protocol.receive_ack
        hermes_o3.ivy: line 226: monitor of hermes_protocol.receive_rmw_inv
        hermes_o3.ivy: line 270: monitor of hermes_protocol.receive_rmw_inv_completed_conflict
        hermes_o3.ivy: line 354: monitor of hermes_protocol.receive_validate
        hermes_o3.ivy: line 194: monitor of hermes_protocol.receive_write_inv
        hermes_o3.ivy: line 371: monitor of hermes_protocol.replay_after_failure

    The following initializers are present:
initializer:        (internal) init

    Initialization must establish the invariant
        hermes_o3.ivy: line 573: invar154 ...
PASS
        hermes_o3.ivy: line 565: l2s_needed_when_start ...
PASS
        hermes_o3.ivy: line 565: l2s_created ...
PASS
        hermes_o3.ivy: line 565: l2s_needed_are_frozen ...
PASS
        hermes_o3.ivy: line 565: l2s_needed_were_frozen ...
PASS
        hermes_o3.ivy: line 565: l2s_work_preserved ...
PASS
        hermes_o3.ivy: line 565: l2s_progress_made ...
PASS
        hermes_o3.ivy: line 565: l2s_progress_invar ...
PASS
        hermes_o3.ivy: line 565: l2s_sched_stable ...
PASS
        hermes_o3.ivy: line 565: l2s_not_all_done ...
PASS
        hermes_o3.ivy: line 565: l2s_sched_exists ...
PASS
        hermes_o3.ivy: line 565: l2s_globally_0 ...
PASS
        hermes_o3.ivy: line 565: l2s_globally_1 ...
PASS
        hermes_o3.ivy: line 565: l2s_globally_2 ...
PASS
        hermes_o3.ivy: line 565: l2s_globally_3 ...
PASS
        hermes_o3.ivy: line 565: l2s_globally_4 ...
PASS
        hermes_o3.ivy: line 565: l2s_globally_5 ...
PASS
        hermes_o3.ivy: line 565: l2s_globally_6 ...
PASS
        hermes_o3.ivy: line 565: l2s_globally_7 ...
PASS
        hermes_o3.ivy: line 565: l2s_status_0 ...
PASS
        hermes_o3.ivy: line 565: l2s_status_1 ...
PASS
        hermes_o3.ivy: line 565: l2s_status_2 ...
PASS
        hermes_o3.ivy: line 565: l2s_status_3 ...
PASS
        hermes_o3.ivy: line 565: l2s_consts_d ...
PASS
        hermes_o3.ivy: line 565: neg_prop_init ...
PASS

    The following set of external actions must preserve the invariant:
        (internal) ext:hermes_protocol.complete_current
            hermes_o3.ivy: line 573: invar154 ...
PASS
            hermes_o3.ivy: line 565: l2s_needed_when_start ...
PASS
            hermes_o3.ivy: line 565: l2s_created ...
PASS
            hermes_o3.ivy: line 565: l2s_needed_are_frozen ...
PASS
            hermes_o3.ivy: line 565: l2s_needed_were_frozen ...
PASS
            hermes_o3.ivy: line 565: l2s_work_preserved ...
PASS
            hermes_o3.ivy: line 565: l2s_progress_made ...
PASS
            hermes_o3.ivy: line 565: l2s_progress_invar ...
PASS
            hermes_o3.ivy: line 565: l2s_sched_stable ...
PASS
            hermes_o3.ivy: line 565: l2s_not_all_done ...
PASS
            hermes_o3.ivy: line 565: l2s_sched_exists ...
PASS
            hermes_o3.ivy: line 565: l2s_globally_0 ...
PASS
            hermes_o3.ivy: line 565: l2s_globally_1 ...
PASS
            hermes_o3.ivy: line 565: l2s_globally_2 ...
PASS
            hermes_o3.ivy: line 565: l2s_globally_3 ...
PASS
            hermes_o3.ivy: line 565: l2s_globally_4 ...
PASS
            hermes_o3.ivy: line 565: l2s_globally_5 ...
PASS
            hermes_o3.ivy: line 565: l2s_globally_6 ...
PASS
            hermes_o3.ivy: line 565: l2s_globally_7 ...
PASS
            hermes_o3.ivy: line 565: l2s_status_0 ...
PASS
            hermes_o3.ivy: line 565: l2s_status_1 ...
PASS
            hermes_o3.ivy: line 565: l2s_status_2 ...
PASS
            hermes_o3.ivy: line 565: l2s_status_3 ...
PASS
            hermes_o3.ivy: line 565: l2s_consts_d ...
PASS
            hermes_o3.ivy: line 565: neg_prop_init ...
PASS
        (internal) ext:hermes_protocol.complete_overwritten
            hermes_o3.ivy: line 573: invar154 ...
PASS
            hermes_o3.ivy: line 565: l2s_needed_when_start ...
PASS
            hermes_o3.ivy: line 565: l2s_created ...
PASS
            hermes_o3.ivy: line 565: l2s_needed_are_frozen ...
PASS
            hermes_o3.ivy: line 565: l2s_needed_were_frozen ...
PASS
            hermes_o3.ivy: line 565: l2s_work_preserved ...
PASS
            hermes_o3.ivy: line 565: l2s_progress_made ...
PASS
            hermes_o3.ivy: line 565: l2s_progress_invar ...
PASS
            hermes_o3.ivy: line 565: l2s_sched_stable ...
PASS
            hermes_o3.ivy: line 565: l2s_not_all_done ...
PASS
            hermes_o3.ivy: line 565: l2s_sched_exists ...
PASS
            hermes_o3.ivy: line 565: l2s_globally_0 ...
PASS
            hermes_o3.ivy: line 565: l2s_globally_1 ...
PASS
            hermes_o3.ivy: line 565: l2s_globally_2 ...
PASS
            hermes_o3.ivy: line 565: l2s_globally_3 ...
PASS
            hermes_o3.ivy: line 565: l2s_globally_4 ...
PASS
            hermes_o3.ivy: line 565: l2s_globally_5 ...
PASS
            hermes_o3.ivy: line 565: l2s_globally_6 ...
PASS
            hermes_o3.ivy: line 565: l2s_globally_7 ...
PASS
            hermes_o3.ivy: line 565: l2s_status_0 ...
PASS
            hermes_o3.ivy: line 565: l2s_status_1 ...
PASS
            hermes_o3.ivy: line 565: l2s_status_2 ...
PASS
            hermes_o3.ivy: line 565: l2s_status_3 ...
PASS
            hermes_o3.ivy: line 565: l2s_consts_d ...
PASS
            hermes_o3.ivy: line 565: neg_prop_init ...
PASS
        (internal) ext:hermes_protocol.complete_ready
            hermes_o3.ivy: line 573: invar154 ...
PASS
            hermes_o3.ivy: line 565: l2s_needed_when_start ...
PASS
            hermes_o3.ivy: line 565: l2s_created ...
PASS
            hermes_o3.ivy: line 565: l2s_needed_are_frozen ...
PASS
            hermes_o3.ivy: line 565: l2s_needed_were_frozen ...
PASS
            hermes_o3.ivy: line 565: l2s_work_preserved ...
PASS
            hermes_o3.ivy: line 565: l2s_progress_made ...
PASS
            hermes_o3.ivy: line 565: l2s_progress_invar ...
PASS
            hermes_o3.ivy: line 565: l2s_sched_stable ...
PASS
            hermes_o3.ivy: line 565: l2s_not_all_done ...
PASS
            hermes_o3.ivy: line 565: l2s_sched_exists ...
PASS
            hermes_o3.ivy: line 565: l2s_globally_0 ...
PASS
            hermes_o3.ivy: line 565: l2s_globally_1 ...
PASS
            hermes_o3.ivy: line 565: l2s_globally_2 ...
PASS
            hermes_o3.ivy: line 565: l2s_globally_3 ...
PASS
            hermes_o3.ivy: line 565: l2s_globally_4 ...
PASS
            hermes_o3.ivy: line 565: l2s_globally_5 ...
PASS
            hermes_o3.ivy: line 565: l2s_globally_6 ...
PASS
            hermes_o3.ivy: line 565: l2s_globally_7 ...
PASS
            hermes_o3.ivy: line 565: l2s_status_0 ...
PASS
            hermes_o3.ivy: line 565: l2s_status_1 ...
PASS
            hermes_o3.ivy: line 565: l2s_status_2 ...
PASS
            hermes_o3.ivy: line 565: l2s_status_3 ...
PASS
            hermes_o3.ivy: line 565: l2s_consts_d ...
PASS
            hermes_o3.ivy: line 565: neg_prop_init ...
PASS
        (internal) ext:hermes_protocol.fail
            hermes_o3.ivy: line 573: invar154 ...
PASS
            hermes_o3.ivy: line 565: l2s_needed_when_start ...
PASS
            hermes_o3.ivy: line 565: l2s_created ...
PASS
            hermes_o3.ivy: line 565: l2s_needed_are_frozen ...
PASS
            hermes_o3.ivy: line 565: l2s_needed_were_frozen ...
PASS
            hermes_o3.ivy: line 565: l2s_work_preserved ...
PASS
            hermes_o3.ivy: line 565: l2s_progress_made ...
PASS
            hermes_o3.ivy: line 565: l2s_progress_invar ...
PASS
            hermes_o3.ivy: line 565: l2s_sched_stable ...
PASS
            hermes_o3.ivy: line 565: l2s_not_all_done ...
PASS
            hermes_o3.ivy: line 565: l2s_sched_exists ...
PASS
            hermes_o3.ivy: line 565: l2s_globally_0 ...
PASS
            hermes_o3.ivy: line 565: l2s_globally_1 ...
PASS
            hermes_o3.ivy: line 565: l2s_globally_2 ...
PASS
            hermes_o3.ivy: line 565: l2s_globally_3 ...
PASS
            hermes_o3.ivy: line 565: l2s_globally_4 ...
PASS
            hermes_o3.ivy: line 565: l2s_globally_5 ...
PASS
            hermes_o3.ivy: line 565: l2s_globally_6 ...
PASS
            hermes_o3.ivy: line 565: l2s_globally_7 ...
PASS
            hermes_o3.ivy: line 565: l2s_status_0 ...
PASS
            hermes_o3.ivy: line 565: l2s_status_1 ...
PASS
            hermes_o3.ivy: line 565: l2s_status_2 ...
PASS
            hermes_o3.ivy: line 565: l2s_status_3 ...
PASS
            hermes_o3.ivy: line 565: l2s_consts_d ...
PASS
            hermes_o3.ivy: line 565: neg_prop_init ...
PASS
        (internal) ext:hermes_protocol.local_rmw
            hermes_o3.ivy: line 573: invar154 ...
PASS
            hermes_o3.ivy: line 565: l2s_needed_when_start ...
PASS
            hermes_o3.ivy: line 565: l2s_created ...
PASS
            hermes_o3.ivy: line 565: l2s_needed_are_frozen ...
PASS
            hermes_o3.ivy: line 565: l2s_needed_were_frozen ...
PASS
            hermes_o3.ivy: line 565: l2s_work_preserved ...
PASS
            hermes_o3.ivy: line 565: l2s_progress_made ...
PASS
            hermes_o3.ivy: line 565: l2s_progress_invar ...
PASS
            hermes_o3.ivy: line 565: l2s_sched_stable ...
PASS
            hermes_o3.ivy: line 565: l2s_not_all_done ...
PASS
            hermes_o3.ivy: line 565: l2s_sched_exists ...
PASS
            hermes_o3.ivy: line 565: l2s_globally_0 ...
PASS
            hermes_o3.ivy: line 565: l2s_globally_1 ...
PASS
            hermes_o3.ivy: line 565: l2s_globally_2 ...
PASS
            hermes_o3.ivy: line 565: l2s_globally_3 ...
PASS
            hermes_o3.ivy: line 565: l2s_globally_4 ...
PASS
            hermes_o3.ivy: line 565: l2s_globally_5 ...
PASS
            hermes_o3.ivy: line 565: l2s_globally_6 ...
PASS
            hermes_o3.ivy: line 565: l2s_globally_7 ...
PASS
            hermes_o3.ivy: line 565: l2s_status_0 ...
PASS
            hermes_o3.ivy: line 565: l2s_status_1 ...
PASS
            hermes_o3.ivy: line 565: l2s_status_2 ...
PASS
            hermes_o3.ivy: line 565: l2s_status_3 ...
PASS
            hermes_o3.ivy: line 565: l2s_consts_d ...
PASS
            hermes_o3.ivy: line 565: neg_prop_init ...
PASS
        (internal) ext:hermes_protocol.local_write
            hermes_o3.ivy: line 573: invar154 ...
PASS
            hermes_o3.ivy: line 565: l2s_needed_when_start ...
PASS
            hermes_o3.ivy: line 565: l2s_created ...
PASS
            hermes_o3.ivy: line 565: l2s_needed_are_frozen ...
PASS
            hermes_o3.ivy: line 565: l2s_needed_were_frozen ...
PASS
            hermes_o3.ivy: line 565: l2s_work_preserved ...
PASS
            hermes_o3.ivy: line 565: l2s_progress_made ...
PASS
            hermes_o3.ivy: line 565: l2s_progress_invar ...
PASS
            hermes_o3.ivy: line 565: l2s_sched_stable ...
PASS
            hermes_o3.ivy: line 565: l2s_not_all_done ...
PASS
            hermes_o3.ivy: line 565: l2s_sched_exists ...
PASS
            hermes_o3.ivy: line 565: l2s_globally_0 ...
PASS
            hermes_o3.ivy: line 565: l2s_globally_1 ...
PASS
            hermes_o3.ivy: line 565: l2s_globally_2 ...
PASS
            hermes_o3.ivy: line 565: l2s_globally_3 ...
PASS
            hermes_o3.ivy: line 565: l2s_globally_4 ...
PASS
            hermes_o3.ivy: line 565: l2s_globally_5 ...
PASS
            hermes_o3.ivy: line 565: l2s_globally_6 ...
PASS
            hermes_o3.ivy: line 565: l2s_globally_7 ...
PASS
            hermes_o3.ivy: line 565: l2s_status_0 ...
PASS
            hermes_o3.ivy: line 565: l2s_status_1 ...
PASS
            hermes_o3.ivy: line 565: l2s_status_2 ...
PASS
            hermes_o3.ivy: line 565: l2s_status_3 ...
PASS
            hermes_o3.ivy: line 565: l2s_consts_d ...
PASS
            hermes_o3.ivy: line 565: neg_prop_init ...
PASS
        (internal) ext:hermes_protocol.mark_ready
            hermes_o3.ivy: line 573: invar154 ...
PASS
            hermes_o3.ivy: line 565: l2s_needed_when_start ...
PASS
            hermes_o3.ivy: line 565: l2s_created ...
PASS
            hermes_o3.ivy: line 565: l2s_needed_are_frozen ...
PASS
            hermes_o3.ivy: line 565: l2s_needed_were_frozen ...
PASS
            hermes_o3.ivy: line 565: l2s_work_preserved ...
PASS
            hermes_o3.ivy: line 565: l2s_progress_made ...
PASS
            hermes_o3.ivy: line 565: l2s_progress_invar ...
PASS
            hermes_o3.ivy: line 565: l2s_sched_stable ...
PASS
            hermes_o3.ivy: line 565: l2s_not_all_done ...
PASS
            hermes_o3.ivy: line 565: l2s_sched_exists ...
PASS
            hermes_o3.ivy: line 565: l2s_globally_0 ...
PASS
            hermes_o3.ivy: line 565: l2s_globally_1 ...
PASS
            hermes_o3.ivy: line 565: l2s_globally_2 ...
PASS
            hermes_o3.ivy: line 565: l2s_globally_3 ...
PASS
            hermes_o3.ivy: line 565: l2s_globally_4 ...
PASS
            hermes_o3.ivy: line 565: l2s_globally_5 ...
PASS
            hermes_o3.ivy: line 565: l2s_globally_6 ...
PASS
            hermes_o3.ivy: line 565: l2s_globally_7 ...
PASS
            hermes_o3.ivy: line 565: l2s_status_0 ...
PASS
            hermes_o3.ivy: line 565: l2s_status_1 ...
PASS
            hermes_o3.ivy: line 565: l2s_status_2 ...
PASS
            hermes_o3.ivy: line 565: l2s_status_3 ...
PASS
            hermes_o3.ivy: line 565: l2s_consts_d ...
PASS
            hermes_o3.ivy: line 565: neg_prop_init ...
PASS
        (internal) ext:hermes_protocol.o3_complete
            hermes_o3.ivy: line 573: invar154 ...
PASS
            hermes_o3.ivy: line 565: l2s_needed_when_start ...
PASS
            hermes_o3.ivy: line 565: l2s_created ...
PASS
            hermes_o3.ivy: line 565: l2s_needed_are_frozen ...
PASS
            hermes_o3.ivy: line 565: l2s_needed_were_frozen ...
PASS
            hermes_o3.ivy: line 565: l2s_work_preserved ...
PASS
            hermes_o3.ivy: line 565: l2s_progress_made ...
PASS
            hermes_o3.ivy: line 565: l2s_progress_invar ...
PASS
            hermes_o3.ivy: line 565: l2s_sched_stable ...
PASS
            hermes_o3.ivy: line 565: l2s_not_all_done ...
PASS
            hermes_o3.ivy: line 565: l2s_sched_exists ...
PASS
            hermes_o3.ivy: line 565: l2s_globally_0 ...
PASS
            hermes_o3.ivy: line 565: l2s_globally_1 ...
PASS
            hermes_o3.ivy: line 565: l2s_globally_2 ...
PASS
            hermes_o3.ivy: line 565: l2s_globally_3 ...
PASS
            hermes_o3.ivy: line 565: l2s_globally_4 ...
PASS
            hermes_o3.ivy: line 565: l2s_globally_5 ...
PASS
            hermes_o3.ivy: line 565: l2s_globally_6 ...
PASS
            hermes_o3.ivy: line 565: l2s_globally_7 ...
PASS
            hermes_o3.ivy: line 565: l2s_status_0 ...
PASS
            hermes_o3.ivy: line 565: l2s_status_1 ...
PASS
            hermes_o3.ivy: line 565: l2s_status_2 ...
PASS
            hermes_o3.ivy: line 565: l2s_status_3 ...
PASS
            hermes_o3.ivy: line 565: l2s_consts_d ...
PASS
            hermes_o3.ivy: line 565: neg_prop_init ...
PASS
        (internal) ext:hermes_protocol.o3_observe_quorum
            hermes_o3.ivy: line 573: invar154 ...
PASS
            hermes_o3.ivy: line 565: l2s_needed_when_start ...
PASS
            hermes_o3.ivy: line 565: l2s_created ...
PASS
            hermes_o3.ivy: line 565: l2s_needed_are_frozen ...
PASS
            hermes_o3.ivy: line 565: l2s_needed_were_frozen ...
PASS
            hermes_o3.ivy: line 565: l2s_work_preserved ...
PASS
            hermes_o3.ivy: line 565: l2s_progress_made ...
PASS
            hermes_o3.ivy: line 565: l2s_progress_invar ...
PASS
            hermes_o3.ivy: line 565: l2s_sched_stable ...
PASS
            hermes_o3.ivy: line 565: l2s_not_all_done ...
PASS
            hermes_o3.ivy: line 565: l2s_sched_exists ...
PASS
            hermes_o3.ivy: line 565: l2s_globally_0 ...
PASS
            hermes_o3.ivy: line 565: l2s_globally_1 ...
PASS
            hermes_o3.ivy: line 565: l2s_globally_2 ...
PASS
            hermes_o3.ivy: line 565: l2s_globally_3 ...
PASS
            hermes_o3.ivy: line 565: l2s_globally_4 ...
PASS
            hermes_o3.ivy: line 565: l2s_globally_5 ...
PASS
            hermes_o3.ivy: line 565: l2s_globally_6 ...
PASS
            hermes_o3.ivy: line 565: l2s_globally_7 ...
PASS
            hermes_o3.ivy: line 565: l2s_status_0 ...
PASS
            hermes_o3.ivy: line 565: l2s_status_1 ...
PASS
            hermes_o3.ivy: line 565: l2s_status_2 ...
PASS
            hermes_o3.ivy: line 565: l2s_status_3 ...
PASS
            hermes_o3.ivy: line 565: l2s_consts_d ...
PASS
            hermes_o3.ivy: line 565: neg_prop_init ...
PASS
        (internal) ext:hermes_protocol.receive_ack
            hermes_o3.ivy: line 573: invar154 ...
PASS
            hermes_o3.ivy: line 565: l2s_needed_when_start ...
PASS
            hermes_o3.ivy: line 565: l2s_created ...
PASS
            hermes_o3.ivy: line 565: l2s_needed_are_frozen ...
PASS
            hermes_o3.ivy: line 565: l2s_needed_were_frozen ...
PASS
            hermes_o3.ivy: line 565: l2s_work_preserved ...
PASS
            hermes_o3.ivy: line 565: l2s_progress_made ...
PASS
            hermes_o3.ivy: line 565: l2s_progress_invar ...
PASS
            hermes_o3.ivy: line 565: l2s_sched_stable ...
PASS
            hermes_o3.ivy: line 565: l2s_not_all_done ...
PASS
            hermes_o3.ivy: line 565: l2s_sched_exists ...
PASS
            hermes_o3.ivy: line 565: l2s_globally_0 ...
PASS
            hermes_o3.ivy: line 565: l2s_globally_1 ...
PASS
            hermes_o3.ivy: line 565: l2s_globally_2 ...
PASS
            hermes_o3.ivy: line 565: l2s_globally_3 ...
PASS
            hermes_o3.ivy: line 565: l2s_globally_4 ...
PASS
            hermes_o3.ivy: line 565: l2s_globally_5 ...
PASS
            hermes_o3.ivy: line 565: l2s_globally_6 ...
PASS
            hermes_o3.ivy: line 565: l2s_globally_7 ...
PASS
            hermes_o3.ivy: line 565: l2s_status_0 ...
PASS
            hermes_o3.ivy: line 565: l2s_status_1 ...
PASS
            hermes_o3.ivy: line 565: l2s_status_2 ...
PASS
            hermes_o3.ivy: line 565: l2s_status_3 ...
PASS
            hermes_o3.ivy: line 565: l2s_consts_d ...
PASS
            hermes_o3.ivy: line 565: neg_prop_init ...
PASS
        (internal) ext:hermes_protocol.receive_rmw_inv
            hermes_o3.ivy: line 573: invar154 ...
PASS
            hermes_o3.ivy: line 565: l2s_needed_when_start ...
PASS
            hermes_o3.ivy: line 565: l2s_created ...
PASS
            hermes_o3.ivy: line 565: l2s_needed_are_frozen ...
PASS
            hermes_o3.ivy: line 565: l2s_needed_were_frozen ...
PASS
            hermes_o3.ivy: line 565: l2s_work_preserved ...
PASS
            hermes_o3.ivy: line 565: l2s_progress_made ...
PASS
            hermes_o3.ivy: line 565: l2s_progress_invar ...
PASS
            hermes_o3.ivy: line 565: l2s_sched_stable ...
PASS
            hermes_o3.ivy: line 565: l2s_not_all_done ...
PASS
            hermes_o3.ivy: line 565: l2s_sched_exists ...
PASS
            hermes_o3.ivy: line 565: l2s_globally_0 ...
PASS
            hermes_o3.ivy: line 565: l2s_globally_1 ...
PASS
            hermes_o3.ivy: line 565: l2s_globally_2 ...
PASS
            hermes_o3.ivy: line 565: l2s_globally_3 ...
PASS
            hermes_o3.ivy: line 565: l2s_globally_4 ...
PASS
            hermes_o3.ivy: line 565: l2s_globally_5 ...
PASS
            hermes_o3.ivy: line 565: l2s_globally_6 ...
PASS
            hermes_o3.ivy: line 565: l2s_globally_7 ...
PASS
            hermes_o3.ivy: line 565: l2s_status_0 ...
PASS
            hermes_o3.ivy: line 565: l2s_status_1 ...
PASS
            hermes_o3.ivy: line 565: l2s_status_2 ...
PASS
            hermes_o3.ivy: line 565: l2s_status_3 ...
PASS
            hermes_o3.ivy: line 565: l2s_consts_d ...
PASS
            hermes_o3.ivy: line 565: neg_prop_init ...
PASS
        (internal) ext:hermes_protocol.receive_rmw_inv_completed_conflict
            hermes_o3.ivy: line 573: invar154 ...
PASS
            hermes_o3.ivy: line 565: l2s_needed_when_start ...
PASS
            hermes_o3.ivy: line 565: l2s_created ...
PASS
            hermes_o3.ivy: line 565: l2s_needed_are_frozen ...
PASS
            hermes_o3.ivy: line 565: l2s_needed_were_frozen ...
PASS
            hermes_o3.ivy: line 565: l2s_work_preserved ...
PASS
            hermes_o3.ivy: line 565: l2s_progress_made ...
PASS
            hermes_o3.ivy: line 565: l2s_progress_invar ...
PASS
            hermes_o3.ivy: line 565: l2s_sched_stable ...
PASS
            hermes_o3.ivy: line 565: l2s_not_all_done ...
PASS
            hermes_o3.ivy: line 565: l2s_sched_exists ...
PASS
            hermes_o3.ivy: line 565: l2s_globally_0 ...
PASS
            hermes_o3.ivy: line 565: l2s_globally_1 ...
PASS
            hermes_o3.ivy: line 565: l2s_globally_2 ...
PASS
            hermes_o3.ivy: line 565: l2s_globally_3 ...
PASS
            hermes_o3.ivy: line 565: l2s_globally_4 ...
PASS
            hermes_o3.ivy: line 565: l2s_globally_5 ...
PASS
            hermes_o3.ivy: line 565: l2s_globally_6 ...
PASS
            hermes_o3.ivy: line 565: l2s_globally_7 ...
PASS
            hermes_o3.ivy: line 565: l2s_status_0 ...
PASS
            hermes_o3.ivy: line 565: l2s_status_1 ...
PASS
            hermes_o3.ivy: line 565: l2s_status_2 ...
PASS
            hermes_o3.ivy: line 565: l2s_status_3 ...
PASS
            hermes_o3.ivy: line 565: l2s_consts_d ...
PASS
            hermes_o3.ivy: line 565: neg_prop_init ...
PASS
        (internal) ext:hermes_protocol.receive_validate
            hermes_o3.ivy: line 573: invar154 ...
PASS
            hermes_o3.ivy: line 565: l2s_needed_when_start ...
PASS
            hermes_o3.ivy: line 565: l2s_created ...
PASS
            hermes_o3.ivy: line 565: l2s_needed_are_frozen ...
PASS
            hermes_o3.ivy: line 565: l2s_needed_were_frozen ...
PASS
            hermes_o3.ivy: line 565: l2s_work_preserved ...
PASS
            hermes_o3.ivy: line 565: l2s_progress_made ...
PASS
            hermes_o3.ivy: line 565: l2s_progress_invar ...
PASS
            hermes_o3.ivy: line 565: l2s_sched_stable ...
PASS
            hermes_o3.ivy: line 565: l2s_not_all_done ...
PASS
            hermes_o3.ivy: line 565: l2s_sched_exists ...
PASS
            hermes_o3.ivy: line 565: l2s_globally_0 ...
PASS
            hermes_o3.ivy: line 565: l2s_globally_1 ...
PASS
            hermes_o3.ivy: line 565: l2s_globally_2 ...
PASS
            hermes_o3.ivy: line 565: l2s_globally_3 ...
PASS
            hermes_o3.ivy: line 565: l2s_globally_4 ...
PASS
            hermes_o3.ivy: line 565: l2s_globally_5 ...
PASS
            hermes_o3.ivy: line 565: l2s_globally_6 ...
PASS
            hermes_o3.ivy: line 565: l2s_globally_7 ...
PASS
            hermes_o3.ivy: line 565: l2s_status_0 ...
PASS
            hermes_o3.ivy: line 565: l2s_status_1 ...
PASS
            hermes_o3.ivy: line 565: l2s_status_2 ...
PASS
            hermes_o3.ivy: line 565: l2s_status_3 ...
PASS
            hermes_o3.ivy: line 565: l2s_consts_d ...
PASS
            hermes_o3.ivy: line 565: neg_prop_init ...
PASS
        (internal) ext:hermes_protocol.receive_write_inv
            hermes_o3.ivy: line 573: invar154 ...
PASS
            hermes_o3.ivy: line 565: l2s_needed_when_start ...
PASS
            hermes_o3.ivy: line 565: l2s_created ...
PASS
            hermes_o3.ivy: line 565: l2s_needed_are_frozen ...
PASS
            hermes_o3.ivy: line 565: l2s_needed_were_frozen ...
PASS
            hermes_o3.ivy: line 565: l2s_work_preserved ...
PASS
            hermes_o3.ivy: line 565: l2s_progress_made ...
PASS
            hermes_o3.ivy: line 565: l2s_progress_invar ...
PASS
            hermes_o3.ivy: line 565: l2s_sched_stable ...
PASS
            hermes_o3.ivy: line 565: l2s_not_all_done ...
PASS
            hermes_o3.ivy: line 565: l2s_sched_exists ...
PASS
            hermes_o3.ivy: line 565: l2s_globally_0 ...
PASS
            hermes_o3.ivy: line 565: l2s_globally_1 ...
PASS
            hermes_o3.ivy: line 565: l2s_globally_2 ...
PASS
            hermes_o3.ivy: line 565: l2s_globally_3 ...
PASS
            hermes_o3.ivy: line 565: l2s_globally_4 ...
PASS
            hermes_o3.ivy: line 565: l2s_globally_5 ...
PASS
            hermes_o3.ivy: line 565: l2s_globally_6 ...
PASS
            hermes_o3.ivy: line 565: l2s_globally_7 ...
PASS
            hermes_o3.ivy: line 565: l2s_status_0 ...
PASS
            hermes_o3.ivy: line 565: l2s_status_1 ...
PASS
            hermes_o3.ivy: line 565: l2s_status_2 ...
PASS
            hermes_o3.ivy: line 565: l2s_status_3 ...
PASS
            hermes_o3.ivy: line 565: l2s_consts_d ...
PASS
            hermes_o3.ivy: line 565: neg_prop_init ...
PASS
        (internal) ext:hermes_protocol.replay_after_failure
            hermes_o3.ivy: line 573: invar154 ...
PASS
            hermes_o3.ivy: line 565: l2s_needed_when_start ...
PASS
            hermes_o3.ivy: line 565: l2s_created ...
PASS
            hermes_o3.ivy: line 565: l2s_needed_are_frozen ...
PASS
            hermes_o3.ivy: line 565: l2s_needed_were_frozen ...
PASS
            hermes_o3.ivy: line 565: l2s_work_preserved ...
PASS
            hermes_o3.ivy: line 565: l2s_progress_made ...
PASS
            hermes_o3.ivy: line 565: l2s_progress_invar ...
PASS
            hermes_o3.ivy: line 565: l2s_sched_stable ...
PASS
            hermes_o3.ivy: line 565: l2s_not_all_done ...
PASS
            hermes_o3.ivy: line 565: l2s_sched_exists ...
PASS
            hermes_o3.ivy: line 565: l2s_globally_0 ...
PASS
            hermes_o3.ivy: line 565: l2s_globally_1 ...
PASS
            hermes_o3.ivy: line 565: l2s_globally_2 ...
PASS
            hermes_o3.ivy: line 565: l2s_globally_3 ...
PASS
            hermes_o3.ivy: line 565: l2s_globally_4 ...
PASS
            hermes_o3.ivy: line 565: l2s_globally_5 ...
PASS
            hermes_o3.ivy: line 565: l2s_globally_6 ...
PASS
            hermes_o3.ivy: line 565: l2s_globally_7 ...
PASS
            hermes_o3.ivy: line 565: l2s_status_0 ...
PASS
            hermes_o3.ivy: line 565: l2s_status_1 ...
PASS
            hermes_o3.ivy: line 565: l2s_status_2 ...
PASS
            hermes_o3.ivy: line 565: l2s_status_3 ...
PASS
            hermes_o3.ivy: line 565: l2s_consts_d ...
PASS
            hermes_o3.ivy: line 565: neg_prop_init ...
PASS
        (internal) idle
            hermes_o3.ivy: line 573: invar154 ...
PASS
            hermes_o3.ivy: line 565: l2s_needed_when_start ...
PASS
            hermes_o3.ivy: line 565: l2s_created ...
PASS
            hermes_o3.ivy: line 565: l2s_needed_are_frozen ...
PASS
            hermes_o3.ivy: line 565: l2s_needed_were_frozen ...
PASS
            hermes_o3.ivy: line 565: l2s_work_preserved ...
PASS
            hermes_o3.ivy: line 565: l2s_progress_made ...
PASS
            hermes_o3.ivy: line 565: l2s_progress_invar ...
PASS
            hermes_o3.ivy: line 565: l2s_sched_stable ...
PASS
            hermes_o3.ivy: line 565: l2s_not_all_done ...
PASS
            hermes_o3.ivy: line 565: l2s_sched_exists ...
PASS
            hermes_o3.ivy: line 565: l2s_globally_0 ...
PASS
            hermes_o3.ivy: line 565: l2s_globally_1 ...
PASS
            hermes_o3.ivy: line 565: l2s_globally_2 ...
PASS
            hermes_o3.ivy: line 565: l2s_globally_3 ...
PASS
            hermes_o3.ivy: line 565: l2s_globally_4 ...
PASS
            hermes_o3.ivy: line 565: l2s_globally_5 ...
PASS
            hermes_o3.ivy: line 565: l2s_globally_6 ...
PASS
            hermes_o3.ivy: line 565: l2s_globally_7 ...
PASS
            hermes_o3.ivy: line 565: l2s_status_0 ...
PASS
            hermes_o3.ivy: line 565: l2s_status_1 ...
PASS
            hermes_o3.ivy: line 565: l2s_status_2 ...
PASS
            hermes_o3.ivy: line 565: l2s_status_3 ...
PASS
            hermes_o3.ivy: line 565: l2s_consts_d ...
PASS
            hermes_o3.ivy: line 565: neg_prop_init ...
PASS

    The following program assertions are treated as assumptions:
        in action hermes_protocol.local_write when called from the environment:
            nowhere: assumption
            nowhere: assumption
            nowhere: assumption
            nowhere: assumption
            nowhere: assumption
            nowhere: assumption
            hermes_o3.ivy: line 134: assumption
            hermes_o3.ivy: line 135: assumption
            hermes_o3.ivy: line 136: assumption
            hermes_o3.ivy: line 137: assumption
            hermes_o3.ivy: line 138: assumption
            hermes_o3.ivy: line 139: assumption
            hermes_o3.ivy: line 142: assumption
            nowhere: assumption
            nowhere: assumption
            nowhere: assumption
        in action hermes_protocol.local_rmw when called from the environment:
            nowhere: assumption
            nowhere: assumption
            nowhere: assumption
            nowhere: assumption
            nowhere: assumption
            nowhere: assumption
            hermes_o3.ivy: line 165: assumption
            hermes_o3.ivy: line 166: assumption
            hermes_o3.ivy: line 167: assumption
            hermes_o3.ivy: line 168: assumption
            hermes_o3.ivy: line 169: assumption
            hermes_o3.ivy: line 170: assumption
            hermes_o3.ivy: line 172: assumption
            nowhere: assumption
            nowhere: assumption
            nowhere: assumption
        in action hermes_protocol.receive_write_inv when called from the environment:
            nowhere: assumption
            nowhere: assumption
            nowhere: assumption
            nowhere: assumption
            nowhere: assumption
            nowhere: assumption
            hermes_o3.ivy: line 195: assumption
            hermes_o3.ivy: line 196: assumption
            hermes_o3.ivy: line 197: assumption
            nowhere: assumption
            nowhere: assumption
            nowhere: assumption
            nowhere: assumption
            nowhere: assumption
            nowhere: assumption
            nowhere: assumption
            nowhere: assumption
            nowhere: assumption
        in action hermes_protocol.receive_rmw_inv when called from the environment:
            nowhere: assumption
            nowhere: assumption
            nowhere: assumption
            nowhere: assumption
            nowhere: assumption
            nowhere: assumption
            hermes_o3.ivy: line 227: assumption
            hermes_o3.ivy: line 228: assumption
            hermes_o3.ivy: line 229: assumption
            hermes_o3.ivy: line 230: assumption
            nowhere: assumption
            nowhere: assumption
            nowhere: assumption
            nowhere: assumption
            nowhere: assumption
            nowhere: assumption
            nowhere: assumption
            nowhere: assumption
            nowhere: assumption
        in action hermes_protocol.receive_rmw_inv_completed_conflict when called from the environment:
            nowhere: assumption
            nowhere: assumption
            nowhere: assumption
            nowhere: assumption
            nowhere: assumption
            nowhere: assumption
            hermes_o3.ivy: line 271: assumption
            hermes_o3.ivy: line 272: assumption
            hermes_o3.ivy: line 273: assumption
            hermes_o3.ivy: line 274: assumption
            hermes_o3.ivy: line 275: assumption
            hermes_o3.ivy: line 276: assumption
            hermes_o3.ivy: line 277: assumption
            hermes_o3.ivy: line 278: assumption
        in action hermes_protocol.receive_ack when called from the environment:
            nowhere: assumption
            nowhere: assumption
            nowhere: assumption
            nowhere: assumption
            nowhere: assumption
            nowhere: assumption
            hermes_o3.ivy: line 291: assumption
            hermes_o3.ivy: line 292: assumption
            hermes_o3.ivy: line 293: assumption
            hermes_o3.ivy: line 294: assumption
            nowhere: assumption
            nowhere: assumption
            nowhere: assumption
            nowhere: assumption
            nowhere: assumption
            nowhere: assumption
            nowhere: assumption
            nowhere: assumption
            nowhere: assumption
        in action hermes_protocol.complete_current when called from the environment:
            nowhere: assumption
            nowhere: assumption
            nowhere: assumption
            nowhere: assumption
            nowhere: assumption
            nowhere: assumption
            hermes_o3.ivy: line 316: assumption
            hermes_o3.ivy: line 317: assumption
            hermes_o3.ivy: line 318: assumption
            hermes_o3.ivy: line 319: assumption
            hermes_o3.ivy: line 320: assumption
            hermes_o3.ivy: line 321: assumption
            hermes_o3.ivy: line 322: assumption
            nowhere: assumption
            nowhere: assumption
            nowhere: assumption
            nowhere: assumption
            nowhere: assumption
            nowhere: assumption
            nowhere: assumption
            nowhere: assumption
            nowhere: assumption
        in action hermes_protocol.complete_overwritten when called from the environment:
            nowhere: assumption
            nowhere: assumption
            nowhere: assumption
            nowhere: assumption
            nowhere: assumption
            nowhere: assumption
            hermes_o3.ivy: line 335: assumption
            hermes_o3.ivy: line 336: assumption
            hermes_o3.ivy: line 337: assumption
            hermes_o3.ivy: line 338: assumption
            hermes_o3.ivy: line 339: assumption
            hermes_o3.ivy: line 340: assumption
            nowhere: assumption
            nowhere: assumption
            nowhere: assumption
            nowhere: assumption
            nowhere: assumption
            nowhere: assumption
            nowhere: assumption
            nowhere: assumption
            nowhere: assumption
        in action hermes_protocol.complete_ready when called from the environment:
            nowhere: assumption
            nowhere: assumption
            nowhere: assumption
            nowhere: assumption
            nowhere: assumption
            nowhere: assumption
            hermes_o3.ivy: line 484: assumption
            nowhere: assumption
            nowhere: assumption
            nowhere: assumption
            nowhere: assumption
            nowhere: assumption
            nowhere: assumption
            nowhere: assumption
            nowhere: assumption
            nowhere: assumption
            nowhere: assumption
            nowhere: assumption
            nowhere: assumption
            nowhere: assumption
            nowhere: assumption
            nowhere: assumption
            nowhere: assumption
            nowhere: assumption
            nowhere: assumption
            nowhere: assumption
            nowhere: assumption
            nowhere: assumption
            nowhere: assumption
            nowhere: assumption
            nowhere: assumption
            nowhere: assumption
            nowhere: assumption
            nowhere: assumption
            nowhere: assumption
            nowhere: assumption
            nowhere: assumption
            nowhere: assumption
            nowhere: assumption
            nowhere: assumption
            nowhere: assumption
            nowhere: assumption
            nowhere: assumption
            nowhere: assumption
            nowhere: assumption
            nowhere: assumption
            nowhere: assumption
            nowhere: assumption
            nowhere: assumption
        in action hermes_protocol.o3_observe_quorum when called from the environment:
            nowhere: assumption
            nowhere: assumption
            nowhere: assumption
            nowhere: assumption
            nowhere: assumption
            nowhere: assumption
            hermes_o3.ivy: line 519: assumption
            hermes_o3.ivy: line 520: assumption
            hermes_o3.ivy: line 521: assumption
        in action hermes_protocol.o3_complete when called from the environment:
            nowhere: assumption
            nowhere: assumption
            nowhere: assumption
            nowhere: assumption
            nowhere: assumption
            nowhere: assumption
            hermes_o3.ivy: line 529: assumption
            hermes_o3.ivy: line 530: assumption
            hermes_o3.ivy: line 531: assumption
            hermes_o3.ivy: line 532: assumption
            hermes_o3.ivy: line 533: assumption
            nowhere: assumption
            nowhere: assumption
            nowhere: assumption
            nowhere: assumption
            nowhere: assumption
            nowhere: assumption
            nowhere: assumption
            nowhere: assumption
            nowhere: assumption
        in action hermes_protocol.mark_ready when called from the environment:
            nowhere: assumption
            nowhere: assumption
            nowhere: assumption
            nowhere: assumption
            nowhere: assumption
            nowhere: assumption
            hermes_o3.ivy: line 303: assumption
            hermes_o3.ivy: line 304: assumption
            hermes_o3.ivy: line 305: assumption
            hermes_o3.ivy: line 306: assumption
            hermes_o3.ivy: line 307: assumption
            hermes_o3.ivy: line 308: assumption
            nowhere: assumption
            nowhere: assumption
            nowhere: assumption
            nowhere: assumption
            nowhere: assumption
            nowhere: assumption
            nowhere: assumption
            nowhere: assumption
            nowhere: assumption
            nowhere: assumption
            nowhere: assumption
            nowhere: assumption
        in action hermes_protocol.receive_validate when called from the environment:
            nowhere: assumption
            nowhere: assumption
            nowhere: assumption
            nowhere: assumption
            nowhere: assumption
            nowhere: assumption
            hermes_o3.ivy: line 355: assumption
            hermes_o3.ivy: line 356: assumption
            nowhere: assumption
            nowhere: assumption
            nowhere: assumption
            nowhere: assumption
            nowhere: assumption
            nowhere: assumption
            nowhere: assumption
            nowhere: assumption
            nowhere: assumption
        in action hermes_protocol.replay_after_failure when called from the environment:
            nowhere: assumption
            nowhere: assumption
            nowhere: assumption
            nowhere: assumption
            nowhere: assumption
            nowhere: assumption
            hermes_o3.ivy: line 372: assumption
            hermes_o3.ivy: line 373: assumption
            hermes_o3.ivy: line 374: assumption
            hermes_o3.ivy: line 375: assumption
            hermes_o3.ivy: line 376: assumption
            nowhere: assumption
            nowhere: assumption
            nowhere: assumption
            nowhere: assumption
            nowhere: assumption
            nowhere: assumption
            nowhere: assumption
            nowhere: assumption
            nowhere: assumption
        in action hermes_protocol.fail when called from the environment:
            nowhere: assumption
            nowhere: assumption
            nowhere: assumption
            nowhere: assumption
            nowhere: assumption
            nowhere: assumption
            hermes_o3.ivy: line 396: assumption
            nowhere: assumption
            nowhere: assumption
            nowhere: assumption
            nowhere: assumption
            nowhere: assumption
            nowhere: assumption
            nowhere: assumption
            nowhere: assumption
            nowhere: assumption
        in action idle when called from the environment:
            nowhere: assumption
            nowhere: assumption
            nowhere: assumption
            nowhere: assumption
            nowhere: assumption
            nowhere: assumption
            nowhere: assumption
            nowhere: assumption

    The following program assertions are treated as guarantees:
        in action idle when called from the environment,the environment:
            hermes_o3.ivy: line 572: guarantee ...
PASS

    The following temporal property is being proved:

        hermes_o3.ivy: line 577: hermes_protocol.o3_ack_quorums_eventually_finish ...

--- begin l2s_auto invariants ---

invariant [invar162] (l2s_saved & ($l2s_s . (hermes_protocol.cur_ts(_N) = _T & hermes_protocol.state(_N) ~= hermes_protocol.hs_valid)) & ~hermes_protocol.completed(_T)) -> (hermes_protocol.cur_ts(_N) = _T & hermes_protocol.state(_N) ~= hermes_protocol.hs_valid)
invariant [l2s_needed_when_start] (($l2s_init . ⬦ ((((hermes_protocol.o3_quorum(_N,_C,_T) & hermes_protocol.cur_ts(_N) = _T) & hermes_protocol.state(_N) ~= hermes_protocol.hs_valid) & ~hermes_protocol.completed(_T)) & □ ((hermes_protocol.cur_ts(_N) = _T & hermes_protocol.state(_N) ~= hermes_protocol.hs_valid) & ~hermes_protocol.completed(_T)))) & (~l2s_waiting | ~($l2s_w . ((((hermes_protocol.o3_quorum(_N,_C,_T) & hermes_protocol.cur_ts(_N) = _T) & hermes_protocol.state(_N) ~= hermes_protocol.hs_valid) & ~hermes_protocol.completed(_T)) & □ ((hermes_protocol.cur_ts(_N) = _T & hermes_protocol.state(_N) ~= hermes_protocol.hs_valid) & ~hermes_protocol.completed(_T)))))) -> (((((Q:ltask = hermes_protocol.o3_task & hermes_protocol.o3_quorum(_N,_C,_T)) & hermes_protocol.cur_ts(_N) = _T) & hermes_protocol.state(_N) ~= hermes_protocol.hs_valid) & ~hermes_protocol.completed(_T)) -> true)
invariant [l2s_created] Q:ltask = hermes_protocol.o3_task -> true
invariant [l2s_needed_are_frozen] (($l2s_init . ⬦ ((((hermes_protocol.o3_quorum(_N,_C,_T) & hermes_protocol.cur_ts(_N) = _T) & hermes_protocol.state(_N) ~= hermes_protocol.hs_valid) & ~hermes_protocol.completed(_T)) & □ ((hermes_protocol.cur_ts(_N) = _T & hermes_protocol.state(_N) ~= hermes_protocol.hs_valid) & ~hermes_protocol.completed(_T)))) & ~l2s_waiting) -> (~(((((Q:ltask = hermes_protocol.o3_task & hermes_protocol.o3_quorum(_N,_C,_T)) & hermes_protocol.cur_ts(_N) = _T) & hermes_protocol.state(_N) ~= hermes_protocol.hs_valid) & ~hermes_protocol.completed(_T)) -> (Q = hermes_protocol.o3_task & (hermes_protocol.completed(_T) | hermes_protocol.state(_N) = hermes_protocol.hs_valid | hermes_protocol.cur_ts(_N) ~= _T))) -> true)
invariant [l2s_needed_were_frozen] (($l2s_init . ⬦ ((((hermes_protocol.o3_quorum(_N,_C,_T) & hermes_protocol.cur_ts(_N) = _T) & hermes_protocol.state(_N) ~= hermes_protocol.hs_valid) & ~hermes_protocol.completed(_T)) & □ ((hermes_protocol.cur_ts(_N) = _T & hermes_protocol.state(_N) ~= hermes_protocol.hs_valid) & ~hermes_protocol.completed(_T)))) & l2s_saved) -> (~$l2s_s Q:ltask. ((((Q = hermes_protocol.o3_task & hermes_protocol.o3_quorum(_N,_C,_T)) & hermes_protocol.cur_ts(_N) = _T) & hermes_protocol.state(_N) ~= hermes_protocol.hs_valid) & ~hermes_protocol.completed(_T)) -> (Q = hermes_protocol.o3_task & (hermes_protocol.completed(_T) | hermes_protocol.state(_N) = hermes_protocol.hs_valid | hermes_protocol.cur_ts(_N) ~= _T))(Q) -> true)
invariant [l2s_work_preserved] ($l2s_init . ⬦ ((((hermes_protocol.o3_quorum(_N,_C,_T) & hermes_protocol.cur_ts(_N) = _T) & hermes_protocol.state(_N) ~= hermes_protocol.hs_valid) & ~hermes_protocol.completed(_T)) & □ ((hermes_protocol.cur_ts(_N) = _T & hermes_protocol.state(_N) ~= hermes_protocol.hs_valid) & ~hermes_protocol.completed(_T)))) -> ((l2s_saved & $l2s_s Q:ltask. ((((Q = hermes_protocol.o3_task & hermes_protocol.o3_quorum(_N,_C,_T)) & hermes_protocol.cur_ts(_N) = _T) & hermes_protocol.state(_N) ~= hermes_protocol.hs_valid) & ~hermes_protocol.completed(_T)) -> (Q = hermes_protocol.o3_task & (hermes_protocol.completed(_T) | hermes_protocol.state(_N) = hermes_protocol.hs_valid | hermes_protocol.cur_ts(_N) ~= _T))(Q)) -> (((((Q = hermes_protocol.o3_task & hermes_protocol.o3_quorum(_N,_C,_T)) & hermes_protocol.cur_ts(_N) = _T) & hermes_protocol.state(_N) ~= hermes_protocol.hs_valid) & ~hermes_protocol.completed(_T)) -> (Q = hermes_protocol.o3_task & (hermes_protocol.completed(_T) | hermes_protocol.state(_N) = hermes_protocol.hs_valid | hermes_protocol.cur_ts(_N) ~= _T))))
invariant [l2s_progress_made] (l2s_saved & ($l2s_init . ⬦ ((((hermes_protocol.o3_quorum(_N,_C,_T) & hermes_protocol.cur_ts(_N) = _T) & hermes_protocol.state(_N) ~= hermes_protocol.hs_valid) & ~hermes_protocol.completed(_T)) & □ ((hermes_protocol.cur_ts(_N) = _T & hermes_protocol.state(_N) ~= hermes_protocol.hs_valid) & ~hermes_protocol.completed(_T)))) & ($l2s_s . (((hermes_protocol.o3_quorum(_N,_C,_T) & hermes_protocol.cur_ts(_N) = _T) & hermes_protocol.state(_N) ~= hermes_protocol.hs_valid) & ~hermes_protocol.completed(_T))) & ~(forall Q. $l2s_s Q:ltask. ((((Q = hermes_protocol.o3_task & hermes_protocol.o3_quorum(_N,_C,_T)) & hermes_protocol.cur_ts(_N) = _T) & hermes_protocol.state(_N) ~= hermes_protocol.hs_valid) & ~hermes_protocol.completed(_T)) -> (Q = hermes_protocol.o3_task & (hermes_protocol.completed(_T) | hermes_protocol.state(_N) = hermes_protocol.hs_valid | hermes_protocol.cur_ts(_N) ~= _T))(Q)) & (($l2s_s . (((hermes_protocol.o3_quorum(_N,_C,_T) & hermes_protocol.cur_ts(_N) = _T) & hermes_protocol.state(_N) ~= hermes_protocol.hs_valid) & ~hermes_protocol.completed(_T))) -> ~($l2s_w . hermes_protocol.o3_try(_N)))) -> (exists Q. (~$l2s_s Q:ltask. ((((Q = hermes_protocol.o3_task & hermes_protocol.o3_quorum(_N,_C,_T)) & hermes_protocol.cur_ts(_N) = _T) & hermes_protocol.state(_N) ~= hermes_protocol.hs_valid) & ~hermes_protocol.completed(_T)) -> (Q = hermes_protocol.o3_task & (hermes_protocol.completed(_T) | hermes_protocol.state(_N) = hermes_protocol.hs_valid | hermes_protocol.cur_ts(_N) ~= _T))(Q) & (((((Q = hermes_protocol.o3_task & hermes_protocol.o3_quorum(_N,_C,_T)) & hermes_protocol.cur_ts(_N) = _T) & hermes_protocol.state(_N) ~= hermes_protocol.hs_valid) & ~hermes_protocol.completed(_T)) -> (Q = hermes_protocol.o3_task & (hermes_protocol.completed(_T) | hermes_protocol.state(_N) = hermes_protocol.hs_valid | hermes_protocol.cur_ts(_N) ~= _T)))))
invariant [l2s_progress_invar] ($l2s_init . □ ⬦ hermes_protocol.o3_try(_N)) -> □ ⬦ hermes_protocol.o3_try(_N)
invariant [l2s_sched_stable] (($l2s_s . (((hermes_protocol.o3_quorum(_N,_C,_T) & hermes_protocol.cur_ts(_N) = _T) & hermes_protocol.state(_N) ~= hermes_protocol.hs_valid) & ~hermes_protocol.completed(_T))) & l2s_saved & ($l2s_init . ⬦ ((((hermes_protocol.o3_quorum(_N,_C,_T) & hermes_protocol.cur_ts(_N) = _T) & hermes_protocol.state(_N) ~= hermes_protocol.hs_valid) & ~hermes_protocol.completed(_T)) & □ ((hermes_protocol.cur_ts(_N) = _T & hermes_protocol.state(_N) ~= hermes_protocol.hs_valid) & ~hermes_protocol.completed(_T)))) & ($l2s_w . hermes_protocol.o3_try(_N))) -> (((hermes_protocol.o3_quorum(_N,_C,_T) & hermes_protocol.cur_ts(_N) = _T) & hermes_protocol.state(_N) ~= hermes_protocol.hs_valid) & ~hermes_protocol.completed(_T))
invariant [l2s_not_all_done] (~(($l2s_init . ⬦ ((((hermes_protocol.o3_quorum(_N,_C,_T) & hermes_protocol.cur_ts(_N) = _T) & hermes_protocol.state(_N) ~= hermes_protocol.hs_valid) & ~hermes_protocol.completed(_T)) & □ ((hermes_protocol.cur_ts(_N) = _T & hermes_protocol.state(_N) ~= hermes_protocol.hs_valid) & ~hermes_protocol.completed(_T)))) & (~l2s_waiting | ~($l2s_w . ((((hermes_protocol.o3_quorum(_N,_C,_T) & hermes_protocol.cur_ts(_N) = _T) & hermes_protocol.state(_N) ~= hermes_protocol.hs_valid) & ~hermes_protocol.completed(_T)) & □ ((hermes_protocol.cur_ts(_N) = _T & hermes_protocol.state(_N) ~= hermes_protocol.hs_valid) & ~hermes_protocol.completed(_T)))))) | ~(forall Q. (((hermes_protocol.o3_quorum(_N,_C,_T) & hermes_protocol.cur_ts(_N) = _T) & hermes_protocol.state(_N) ~= hermes_protocol.hs_valid) & ~hermes_protocol.completed(_T)) -> (((((Q:ltask = hermes_protocol.o3_task & hermes_protocol.o3_quorum(_N,_C,_T)) & hermes_protocol.cur_ts(_N) = _T) & hermes_protocol.state(_N) ~= hermes_protocol.hs_valid) & ~hermes_protocol.completed(_T)) -> (Q = hermes_protocol.o3_task & (hermes_protocol.completed(_T) | hermes_protocol.state(_N) = hermes_protocol.hs_valid | hermes_protocol.cur_ts(_N) ~= _T)))))
invariant [l2s_sched_exists] (l2s_saved & ($l2s_init . ⬦ ((((hermes_protocol.o3_quorum(_N,_C,_T) & hermes_protocol.cur_ts(_N) = _T) & hermes_protocol.state(_N) ~= hermes_protocol.hs_valid) & ~hermes_protocol.completed(_T)) & □ ((hermes_protocol.cur_ts(_N) = _T & hermes_protocol.state(_N) ~= hermes_protocol.hs_valid) & ~hermes_protocol.completed(_T))))) -> ($l2s_s . (((hermes_protocol.o3_quorum(_N,_C,_T) & hermes_protocol.cur_ts(_N) = _T) & hermes_protocol.state(_N) ~= hermes_protocol.hs_valid) & ~hermes_protocol.completed(_T)))
invariant [l2s_globally_0] globally[](eventually[](hermes_protocol.o3_try(_N)))
invariant [l2s_globally_1] ~⬦ hermes_protocol.o3_try(_N) -> ~l2s_waiting | ~($l2s_w . hermes_protocol.o3_try(_N))
invariant [l2s_globally_2] $l2s_init . ⬦ hermes_protocol.o3_try(_N)
invariant [l2s_globally_3] □ ~((((hermes_protocol.o3_quorum(_N,_C,_T) & hermes_protocol.cur_ts(_N) = _T) & hermes_protocol.state(_N) ~= hermes_protocol.hs_valid) & ~hermes_protocol.completed(_T)) & □ ((hermes_protocol.cur_ts(_N) = _T & hermes_protocol.state(_N) ~= hermes_protocol.hs_valid) & ~hermes_protocol.completed(_T))) -> ~l2s_waiting | ~($l2s_w . ~~((((hermes_protocol.o3_quorum(_N,_C,_T) & hermes_protocol.cur_ts(_N) = _T) & hermes_protocol.state(_N) ~= hermes_protocol.hs_valid) & ~hermes_protocol.completed(_T)) & □ ((hermes_protocol.cur_ts(_N) = _T & hermes_protocol.state(_N) ~= hermes_protocol.hs_valid) & ~hermes_protocol.completed(_T))))
invariant [l2s_globally_4] $l2s_init . ~□ ~((((hermes_protocol.o3_quorum(_N,_C,_T) & hermes_protocol.cur_ts(_N) = _T) & hermes_protocol.state(_N) ~= hermes_protocol.hs_valid) & ~hermes_protocol.completed(_T)) & □ ((hermes_protocol.cur_ts(_N) = _T & hermes_protocol.state(_N) ~= hermes_protocol.hs_valid) & ~hermes_protocol.completed(_T)))
invariant [l2s_globally_5] ($l2s_init . ⬦ ((((hermes_protocol.o3_quorum(_N,_C,_T) & hermes_protocol.cur_ts(_N) = _T) & hermes_protocol.state(_N) ~= hermes_protocol.hs_valid) & ~hermes_protocol.completed(_T)) & □ ((hermes_protocol.cur_ts(_N) = _T & hermes_protocol.state(_N) ~= hermes_protocol.hs_valid) & ~hermes_protocol.completed(_T)))) | ~⬦ ((((hermes_protocol.o3_quorum(_N,_C,_T) & hermes_protocol.cur_ts(_N) = _T) & hermes_protocol.state(_N) ~= hermes_protocol.hs_valid) & ~hermes_protocol.completed(_T)) & □ ((hermes_protocol.cur_ts(_N) = _T & hermes_protocol.state(_N) ~= hermes_protocol.hs_valid) & ~hermes_protocol.completed(_T)))
invariant [l2s_globally_6] (($l2s_init . ⬦ ((((hermes_protocol.o3_quorum(_N,_C,_T) & hermes_protocol.cur_ts(_N) = _T) & hermes_protocol.state(_N) ~= hermes_protocol.hs_valid) & ~hermes_protocol.completed(_T)) & □ ((hermes_protocol.cur_ts(_N) = _T & hermes_protocol.state(_N) ~= hermes_protocol.hs_valid) & ~hermes_protocol.completed(_T)))) & ~⬦ ((((hermes_protocol.o3_quorum(_N,_C,_T) & hermes_protocol.cur_ts(_N) = _T) & hermes_protocol.state(_N) ~= hermes_protocol.hs_valid) & ~hermes_protocol.completed(_T)) & □ ((hermes_protocol.cur_ts(_N) = _T & hermes_protocol.state(_N) ~= hermes_protocol.hs_valid) & ~hermes_protocol.completed(_T)))) -> ~l2s_waiting | ~($l2s_w . ((((hermes_protocol.o3_quorum(_N,_C,_T) & hermes_protocol.cur_ts(_N) = _T) & hermes_protocol.state(_N) ~= hermes_protocol.hs_valid) & ~hermes_protocol.completed(_T)) & □ ((hermes_protocol.cur_ts(_N) = _T & hermes_protocol.state(_N) ~= hermes_protocol.hs_valid) & ~hermes_protocol.completed(_T))))
invariant [l2s_globally_7] (($l2s_init . ⬦ ((((hermes_protocol.o3_quorum(_N,_C,_T) & hermes_protocol.cur_ts(_N) = _T) & hermes_protocol.state(_N) ~= hermes_protocol.hs_valid) & ~hermes_protocol.completed(_T)) & □ ((hermes_protocol.cur_ts(_N) = _T & hermes_protocol.state(_N) ~= hermes_protocol.hs_valid) & ~hermes_protocol.completed(_T)))) & (~l2s_waiting | ~($l2s_w . ((((hermes_protocol.o3_quorum(_N,_C,_T) & hermes_protocol.cur_ts(_N) = _T) & hermes_protocol.state(_N) ~= hermes_protocol.hs_valid) & ~hermes_protocol.completed(_T)) & □ ((hermes_protocol.cur_ts(_N) = _T & hermes_protocol.state(_N) ~= hermes_protocol.hs_valid) & ~hermes_protocol.completed(_T)))))) -> □ ((hermes_protocol.cur_ts(_N) = _T & hermes_protocol.state(_N) ~= hermes_protocol.hs_valid) & ~hermes_protocol.completed(_T))
invariant [l2s_status_0] l2s_waiting | l2s_frozen | l2s_saved
invariant [l2s_status_1] ~l2s_waiting | ~l2s_frozen
invariant [l2s_status_2] ~l2s_waiting | ~l2s_saved
invariant [l2s_status_3] ~l2s_frozen | ~l2s_saved
invariant [l2s_consts_d] (l2s_d(_C) & l2s_d(_N) & l2s_d(hermes_protocol.init_ts) & l2s_d(_T) & l2s_d(hermes_protocol.init_value) & l2s_d(hermes_protocol.init_epoch))
invariant [neg_prop_init] ~(($l2s_init . □ ⬦ hermes_protocol.o3_try(_N)) -> ($l2s_init . □ ~((((hermes_protocol.o3_quorum(_N,_C,_T) & hermes_protocol.cur_ts(_N) = _T) & hermes_protocol.state(_N) ~= hermes_protocol.hs_valid) & ~hermes_protocol.completed(_T)) & □ ((hermes_protocol.cur_ts(_N) = _T & hermes_protocol.state(_N) ~= hermes_protocol.hs_valid) & ~hermes_protocol.completed(_T)))))

--- end l2s_auto invariants ---

    The following properties are treated as axioms: 
        hermes_o3.ivy: line 11: hermes_protocol.axiom1
        hermes_o3.ivy: line 12: hermes_protocol.axiom2
        hermes_o3.ivy: line 13: hermes_protocol.axiom3
        hermes_o3.ivy: line 14: hermes_protocol.axiom4
        hermes_o3.ivy: line 56: hermes_protocol.axiom6

    The following properties are treated as properties:

    The following properties are treated as conjectures: 
        hermes_o3.ivy: line 590: invar162
        hermes_o3.ivy: line 582: l2s_needed_when_start
        hermes_o3.ivy: line 582: l2s_created
        hermes_o3.ivy: line 582: l2s_needed_are_frozen
        hermes_o3.ivy: line 582: l2s_needed_were_frozen
        hermes_o3.ivy: line 582: l2s_work_preserved
        hermes_o3.ivy: line 582: l2s_progress_made
        hermes_o3.ivy: line 582: l2s_progress_invar
        hermes_o3.ivy: line 582: l2s_sched_stable
        hermes_o3.ivy: line 582: l2s_not_all_done
        hermes_o3.ivy: line 582: l2s_sched_exists
        hermes_o3.ivy: line 582: l2s_globally_0
        hermes_o3.ivy: line 582: l2s_globally_1
        hermes_o3.ivy: line 582: l2s_globally_2
        hermes_o3.ivy: line 582: l2s_globally_3
        hermes_o3.ivy: line 582: l2s_globally_4
        hermes_o3.ivy: line 582: l2s_globally_5
        hermes_o3.ivy: line 582: l2s_globally_6
        hermes_o3.ivy: line 582: l2s_globally_7
        hermes_o3.ivy: line 582: l2s_status_0
        hermes_o3.ivy: line 582: l2s_status_1
        hermes_o3.ivy: line 582: l2s_status_2
        hermes_o3.ivy: line 582: l2s_status_3
        hermes_o3.ivy: line 582: l2s_consts_d
        hermes_o3.ivy: line 582: neg_prop_init

    The following properties are assumed as axioms:
        hermes_o3.ivy: line 11: hermes_protocol.axiom1
        hermes_o3.ivy: line 12: hermes_protocol.axiom2
        hermes_o3.ivy: line 13: hermes_protocol.axiom3
        hermes_o3.ivy: line 14: hermes_protocol.axiom4
        hermes_o3.ivy: line 56: hermes_protocol.axiom6

    The following definitions are used:
        hermes_o3.ivy: line 49: hermes_protocol.def5

    The inductive invariant consists of the following conjectures:
        hermes_o3.ivy: line 590: invar162
        hermes_o3.ivy: line 582: l2s_needed_when_start
        hermes_o3.ivy: line 582: l2s_created
        hermes_o3.ivy: line 582: l2s_needed_are_frozen
        hermes_o3.ivy: line 582: l2s_needed_were_frozen
        hermes_o3.ivy: line 582: l2s_work_preserved
        hermes_o3.ivy: line 582: l2s_progress_made
        hermes_o3.ivy: line 582: l2s_progress_invar
        hermes_o3.ivy: line 582: l2s_sched_stable
        hermes_o3.ivy: line 582: l2s_not_all_done
        hermes_o3.ivy: line 582: l2s_sched_exists
        hermes_o3.ivy: line 582: l2s_globally_0
        hermes_o3.ivy: line 582: l2s_globally_1
        hermes_o3.ivy: line 582: l2s_globally_2
        hermes_o3.ivy: line 582: l2s_globally_3
        hermes_o3.ivy: line 582: l2s_globally_4
        hermes_o3.ivy: line 582: l2s_globally_5
        hermes_o3.ivy: line 582: l2s_globally_6
        hermes_o3.ivy: line 582: l2s_globally_7
        hermes_o3.ivy: line 582: l2s_status_0
        hermes_o3.ivy: line 582: l2s_status_1
        hermes_o3.ivy: line 582: l2s_status_2
        hermes_o3.ivy: line 582: l2s_status_3
        hermes_o3.ivy: line 582: l2s_consts_d
        hermes_o3.ivy: line 582: neg_prop_init

    The following action implementations are present:
        hermes_o3.ivy: line 34: implementation of hermes_protocol.complete_current
        hermes_o3.ivy: line 35: implementation of hermes_protocol.complete_overwritten
        hermes_o3.ivy: line 36: implementation of hermes_protocol.complete_ready
        hermes_o3.ivy: line 42: implementation of hermes_protocol.fail
        hermes_o3.ivy: line 29: implementation of hermes_protocol.local_rmw
        hermes_o3.ivy: line 28: implementation of hermes_protocol.local_write
        hermes_o3.ivy: line 39: implementation of hermes_protocol.mark_ready
        hermes_o3.ivy: line 38: implementation of hermes_protocol.o3_complete
        hermes_o3.ivy: line 37: implementation of hermes_protocol.o3_observe_quorum
        hermes_o3.ivy: line 33: implementation of hermes_protocol.receive_ack
        hermes_o3.ivy: line 31: implementation of hermes_protocol.receive_rmw_inv
        hermes_o3.ivy: line 32: implementation of hermes_protocol.receive_rmw_inv_completed_conflict
        hermes_o3.ivy: line 40: implementation of hermes_protocol.receive_validate
        hermes_o3.ivy: line 30: implementation of hermes_protocol.receive_write_inv
        hermes_o3.ivy: line 41: implementation of hermes_protocol.replay_after_failure

    The following action monitors are present:
        hermes_o3.ivy: line 315: monitor of hermes_protocol.complete_current
        hermes_o3.ivy: line 334: monitor of hermes_protocol.complete_overwritten
        hermes_o3.ivy: line 483: monitor of hermes_protocol.complete_ready
        hermes_o3.ivy: line 395: monitor of hermes_protocol.fail
        hermes_o3.ivy: line 164: monitor of hermes_protocol.local_rmw
        hermes_o3.ivy: line 133: monitor of hermes_protocol.local_write
        hermes_o3.ivy: line 302: monitor of hermes_protocol.mark_ready
        hermes_o3.ivy: line 528: monitor of hermes_protocol.o3_complete
        hermes_o3.ivy: line 518: monitor of hermes_protocol.o3_observe_quorum
        hermes_o3.ivy: line 290: monitor of hermes_protocol.receive_ack
        hermes_o3.ivy: line 226: monitor of hermes_protocol.receive_rmw_inv
        hermes_o3.ivy: line 270: monitor of hermes_protocol.receive_rmw_inv_completed_conflict
        hermes_o3.ivy: line 354: monitor of hermes_protocol.receive_validate
        hermes_o3.ivy: line 194: monitor of hermes_protocol.receive_write_inv
        hermes_o3.ivy: line 371: monitor of hermes_protocol.replay_after_failure

    The following initializers are present:
initializer:        (internal) init

    Initialization must establish the invariant
        hermes_o3.ivy: line 590: invar162 ...
PASS
        hermes_o3.ivy: line 582: l2s_needed_when_start ...
PASS
        hermes_o3.ivy: line 582: l2s_created ...
PASS
        hermes_o3.ivy: line 582: l2s_needed_are_frozen ...
PASS
        hermes_o3.ivy: line 582: l2s_needed_were_frozen ...
PASS
        hermes_o3.ivy: line 582: l2s_work_preserved ...
PASS
        hermes_o3.ivy: line 582: l2s_progress_made ...
PASS
        hermes_o3.ivy: line 582: l2s_progress_invar ...
PASS
        hermes_o3.ivy: line 582: l2s_sched_stable ...
PASS
        hermes_o3.ivy: line 582: l2s_not_all_done ...
PASS
        hermes_o3.ivy: line 582: l2s_sched_exists ...
PASS
        hermes_o3.ivy: line 582: l2s_globally_0 ...
PASS
        hermes_o3.ivy: line 582: l2s_globally_1 ...
PASS
        hermes_o3.ivy: line 582: l2s_globally_2 ...
PASS
        hermes_o3.ivy: line 582: l2s_globally_3 ...
PASS
        hermes_o3.ivy: line 582: l2s_globally_4 ...
PASS
        hermes_o3.ivy: line 582: l2s_globally_5 ...
PASS
        hermes_o3.ivy: line 582: l2s_globally_6 ...
PASS
        hermes_o3.ivy: line 582: l2s_globally_7 ...
PASS
        hermes_o3.ivy: line 582: l2s_status_0 ...
PASS
        hermes_o3.ivy: line 582: l2s_status_1 ...
PASS
        hermes_o3.ivy: line 582: l2s_status_2 ...
PASS
        hermes_o3.ivy: line 582: l2s_status_3 ...
PASS
        hermes_o3.ivy: line 582: l2s_consts_d ...
PASS
        hermes_o3.ivy: line 582: neg_prop_init ...
PASS

    The following set of external actions must preserve the invariant:
        (internal) ext:hermes_protocol.complete_current
            hermes_o3.ivy: line 590: invar162 ...
PASS
            hermes_o3.ivy: line 582: l2s_needed_when_start ...
PASS
            hermes_o3.ivy: line 582: l2s_created ...
PASS
            hermes_o3.ivy: line 582: l2s_needed_are_frozen ...
PASS
            hermes_o3.ivy: line 582: l2s_needed_were_frozen ...
PASS
            hermes_o3.ivy: line 582: l2s_work_preserved ...
PASS
            hermes_o3.ivy: line 582: l2s_progress_made ...
PASS
            hermes_o3.ivy: line 582: l2s_progress_invar ...
PASS
            hermes_o3.ivy: line 582: l2s_sched_stable ...
PASS
            hermes_o3.ivy: line 582: l2s_not_all_done ...
PASS
            hermes_o3.ivy: line 582: l2s_sched_exists ...
PASS
            hermes_o3.ivy: line 582: l2s_globally_0 ...
PASS
            hermes_o3.ivy: line 582: l2s_globally_1 ...
PASS
            hermes_o3.ivy: line 582: l2s_globally_2 ...
PASS
            hermes_o3.ivy: line 582: l2s_globally_3 ...
PASS
            hermes_o3.ivy: line 582: l2s_globally_4 ...
PASS
            hermes_o3.ivy: line 582: l2s_globally_5 ...
PASS
            hermes_o3.ivy: line 582: l2s_globally_6 ...
PASS
            hermes_o3.ivy: line 582: l2s_globally_7 ...
PASS
            hermes_o3.ivy: line 582: l2s_status_0 ...
PASS
            hermes_o3.ivy: line 582: l2s_status_1 ...
PASS
            hermes_o3.ivy: line 582: l2s_status_2 ...
PASS
            hermes_o3.ivy: line 582: l2s_status_3 ...
PASS
            hermes_o3.ivy: line 582: l2s_consts_d ...
PASS
            hermes_o3.ivy: line 582: neg_prop_init ...
PASS
        (internal) ext:hermes_protocol.complete_overwritten
            hermes_o3.ivy: line 590: invar162 ...
PASS
            hermes_o3.ivy: line 582: l2s_needed_when_start ...
PASS
            hermes_o3.ivy: line 582: l2s_created ...
PASS
            hermes_o3.ivy: line 582: l2s_needed_are_frozen ...
PASS
            hermes_o3.ivy: line 582: l2s_needed_were_frozen ...
PASS
            hermes_o3.ivy: line 582: l2s_work_preserved ...
PASS
            hermes_o3.ivy: line 582: l2s_progress_made ...
PASS
            hermes_o3.ivy: line 582: l2s_progress_invar ...
PASS
            hermes_o3.ivy: line 582: l2s_sched_stable ...
PASS
            hermes_o3.ivy: line 582: l2s_not_all_done ...
PASS
            hermes_o3.ivy: line 582: l2s_sched_exists ...
PASS
            hermes_o3.ivy: line 582: l2s_globally_0 ...
PASS
            hermes_o3.ivy: line 582: l2s_globally_1 ...
PASS
            hermes_o3.ivy: line 582: l2s_globally_2 ...
PASS
            hermes_o3.ivy: line 582: l2s_globally_3 ...
PASS
            hermes_o3.ivy: line 582: l2s_globally_4 ...
PASS
            hermes_o3.ivy: line 582: l2s_globally_5 ...
PASS
            hermes_o3.ivy: line 582: l2s_globally_6 ...
PASS
            hermes_o3.ivy: line 582: l2s_globally_7 ...
PASS
            hermes_o3.ivy: line 582: l2s_status_0 ...
PASS
            hermes_o3.ivy: line 582: l2s_status_1 ...
PASS
            hermes_o3.ivy: line 582: l2s_status_2 ...
PASS
            hermes_o3.ivy: line 582: l2s_status_3 ...
PASS
            hermes_o3.ivy: line 582: l2s_consts_d ...
PASS
            hermes_o3.ivy: line 582: neg_prop_init ...
PASS
        (internal) ext:hermes_protocol.complete_ready
            hermes_o3.ivy: line 590: invar162 ...
PASS
            hermes_o3.ivy: line 582: l2s_needed_when_start ...
PASS
            hermes_o3.ivy: line 582: l2s_created ...
PASS
            hermes_o3.ivy: line 582: l2s_needed_are_frozen ...
PASS
            hermes_o3.ivy: line 582: l2s_needed_were_frozen ...
PASS
            hermes_o3.ivy: line 582: l2s_work_preserved ...
PASS
            hermes_o3.ivy: line 582: l2s_progress_made ...
PASS
            hermes_o3.ivy: line 582: l2s_progress_invar ...
PASS
            hermes_o3.ivy: line 582: l2s_sched_stable ...
PASS
            hermes_o3.ivy: line 582: l2s_not_all_done ...
PASS
            hermes_o3.ivy: line 582: l2s_sched_exists ...
PASS
            hermes_o3.ivy: line 582: l2s_globally_0 ...
PASS
            hermes_o3.ivy: line 582: l2s_globally_1 ...
PASS
            hermes_o3.ivy: line 582: l2s_globally_2 ...
PASS
            hermes_o3.ivy: line 582: l2s_globally_3 ...
PASS
            hermes_o3.ivy: line 582: l2s_globally_4 ...
PASS
            hermes_o3.ivy: line 582: l2s_globally_5 ...
PASS
            hermes_o3.ivy: line 582: l2s_globally_6 ...
PASS
            hermes_o3.ivy: line 582: l2s_globally_7 ...
PASS
            hermes_o3.ivy: line 582: l2s_status_0 ...
PASS
            hermes_o3.ivy: line 582: l2s_status_1 ...
PASS
            hermes_o3.ivy: line 582: l2s_status_2 ...
PASS
            hermes_o3.ivy: line 582: l2s_status_3 ...
PASS
            hermes_o3.ivy: line 582: l2s_consts_d ...
PASS
            hermes_o3.ivy: line 582: neg_prop_init ...
PASS
        (internal) ext:hermes_protocol.fail
            hermes_o3.ivy: line 590: invar162 ...
PASS
            hermes_o3.ivy: line 582: l2s_needed_when_start ...
PASS
            hermes_o3.ivy: line 582: l2s_created ...
PASS
            hermes_o3.ivy: line 582: l2s_needed_are_frozen ...
PASS
            hermes_o3.ivy: line 582: l2s_needed_were_frozen ...
PASS
            hermes_o3.ivy: line 582: l2s_work_preserved ...
PASS
            hermes_o3.ivy: line 582: l2s_progress_made ...
PASS
            hermes_o3.ivy: line 582: l2s_progress_invar ...
PASS
            hermes_o3.ivy: line 582: l2s_sched_stable ...
PASS
            hermes_o3.ivy: line 582: l2s_not_all_done ...
PASS
            hermes_o3.ivy: line 582: l2s_sched_exists ...
PASS
            hermes_o3.ivy: line 582: l2s_globally_0 ...
PASS
            hermes_o3.ivy: line 582: l2s_globally_1 ...
PASS
            hermes_o3.ivy: line 582: l2s_globally_2 ...
PASS
            hermes_o3.ivy: line 582: l2s_globally_3 ...
PASS
            hermes_o3.ivy: line 582: l2s_globally_4 ...
PASS
            hermes_o3.ivy: line 582: l2s_globally_5 ...
PASS
            hermes_o3.ivy: line 582: l2s_globally_6 ...
PASS
            hermes_o3.ivy: line 582: l2s_globally_7 ...
PASS
            hermes_o3.ivy: line 582: l2s_status_0 ...
PASS
            hermes_o3.ivy: line 582: l2s_status_1 ...
PASS
            hermes_o3.ivy: line 582: l2s_status_2 ...
PASS
            hermes_o3.ivy: line 582: l2s_status_3 ...
PASS
            hermes_o3.ivy: line 582: l2s_consts_d ...
PASS
            hermes_o3.ivy: line 582: neg_prop_init ...
PASS
        (internal) ext:hermes_protocol.local_rmw
            hermes_o3.ivy: line 590: invar162 ...
PASS
            hermes_o3.ivy: line 582: l2s_needed_when_start ...
PASS
            hermes_o3.ivy: line 582: l2s_created ...
PASS
            hermes_o3.ivy: line 582: l2s_needed_are_frozen ...
PASS
            hermes_o3.ivy: line 582: l2s_needed_were_frozen ...
PASS
            hermes_o3.ivy: line 582: l2s_work_preserved ...
PASS
            hermes_o3.ivy: line 582: l2s_progress_made ...
PASS
            hermes_o3.ivy: line 582: l2s_progress_invar ...
PASS
            hermes_o3.ivy: line 582: l2s_sched_stable ...
PASS
            hermes_o3.ivy: line 582: l2s_not_all_done ...
PASS
            hermes_o3.ivy: line 582: l2s_sched_exists ...
PASS
            hermes_o3.ivy: line 582: l2s_globally_0 ...
PASS
            hermes_o3.ivy: line 582: l2s_globally_1 ...
PASS
            hermes_o3.ivy: line 582: l2s_globally_2 ...
PASS
            hermes_o3.ivy: line 582: l2s_globally_3 ...
PASS
            hermes_o3.ivy: line 582: l2s_globally_4 ...
PASS
            hermes_o3.ivy: line 582: l2s_globally_5 ...
PASS
            hermes_o3.ivy: line 582: l2s_globally_6 ...
PASS
            hermes_o3.ivy: line 582: l2s_globally_7 ...
PASS
            hermes_o3.ivy: line 582: l2s_status_0 ...
PASS
            hermes_o3.ivy: line 582: l2s_status_1 ...
PASS
            hermes_o3.ivy: line 582: l2s_status_2 ...
PASS
            hermes_o3.ivy: line 582: l2s_status_3 ...
PASS
            hermes_o3.ivy: line 582: l2s_consts_d ...
PASS
            hermes_o3.ivy: line 582: neg_prop_init ...
PASS
        (internal) ext:hermes_protocol.local_write
            hermes_o3.ivy: line 590: invar162 ...
PASS
            hermes_o3.ivy: line 582: l2s_needed_when_start ...
PASS
            hermes_o3.ivy: line 582: l2s_created ...
PASS
            hermes_o3.ivy: line 582: l2s_needed_are_frozen ...
PASS
            hermes_o3.ivy: line 582: l2s_needed_were_frozen ...
PASS
            hermes_o3.ivy: line 582: l2s_work_preserved ...
PASS
            hermes_o3.ivy: line 582: l2s_progress_made ...
PASS
            hermes_o3.ivy: line 582: l2s_progress_invar ...
PASS
            hermes_o3.ivy: line 582: l2s_sched_stable ...
PASS
            hermes_o3.ivy: line 582: l2s_not_all_done ...
PASS
            hermes_o3.ivy: line 582: l2s_sched_exists ...
PASS
            hermes_o3.ivy: line 582: l2s_globally_0 ...
PASS
            hermes_o3.ivy: line 582: l2s_globally_1 ...
PASS
            hermes_o3.ivy: line 582: l2s_globally_2 ...
PASS
            hermes_o3.ivy: line 582: l2s_globally_3 ...
PASS
            hermes_o3.ivy: line 582: l2s_globally_4 ...
PASS
            hermes_o3.ivy: line 582: l2s_globally_5 ...
PASS
            hermes_o3.ivy: line 582: l2s_globally_6 ...
PASS
            hermes_o3.ivy: line 582: l2s_globally_7 ...
PASS
            hermes_o3.ivy: line 582: l2s_status_0 ...
PASS
            hermes_o3.ivy: line 582: l2s_status_1 ...
PASS
            hermes_o3.ivy: line 582: l2s_status_2 ...
PASS
            hermes_o3.ivy: line 582: l2s_status_3 ...
PASS
            hermes_o3.ivy: line 582: l2s_consts_d ...
PASS
            hermes_o3.ivy: line 582: neg_prop_init ...
PASS
        (internal) ext:hermes_protocol.mark_ready
            hermes_o3.ivy: line 590: invar162 ...
PASS
            hermes_o3.ivy: line 582: l2s_needed_when_start ...
PASS
            hermes_o3.ivy: line 582: l2s_created ...
PASS
            hermes_o3.ivy: line 582: l2s_needed_are_frozen ...
PASS
            hermes_o3.ivy: line 582: l2s_needed_were_frozen ...
PASS
            hermes_o3.ivy: line 582: l2s_work_preserved ...
PASS
            hermes_o3.ivy: line 582: l2s_progress_made ...
PASS
            hermes_o3.ivy: line 582: l2s_progress_invar ...
PASS
            hermes_o3.ivy: line 582: l2s_sched_stable ...
PASS
            hermes_o3.ivy: line 582: l2s_not_all_done ...
PASS
            hermes_o3.ivy: line 582: l2s_sched_exists ...
PASS
            hermes_o3.ivy: line 582: l2s_globally_0 ...
PASS
            hermes_o3.ivy: line 582: l2s_globally_1 ...
PASS
            hermes_o3.ivy: line 582: l2s_globally_2 ...
PASS
            hermes_o3.ivy: line 582: l2s_globally_3 ...
PASS
            hermes_o3.ivy: line 582: l2s_globally_4 ...
PASS
            hermes_o3.ivy: line 582: l2s_globally_5 ...
PASS
            hermes_o3.ivy: line 582: l2s_globally_6 ...
PASS
            hermes_o3.ivy: line 582: l2s_globally_7 ...
PASS
            hermes_o3.ivy: line 582: l2s_status_0 ...
PASS
            hermes_o3.ivy: line 582: l2s_status_1 ...
PASS
            hermes_o3.ivy: line 582: l2s_status_2 ...
PASS
            hermes_o3.ivy: line 582: l2s_status_3 ...
PASS
            hermes_o3.ivy: line 582: l2s_consts_d ...
PASS
            hermes_o3.ivy: line 582: neg_prop_init ...
PASS
        (internal) ext:hermes_protocol.o3_complete
            hermes_o3.ivy: line 590: invar162 ...
PASS
            hermes_o3.ivy: line 582: l2s_needed_when_start ...
PASS
            hermes_o3.ivy: line 582: l2s_created ...
PASS
            hermes_o3.ivy: line 582: l2s_needed_are_frozen ...
PASS
            hermes_o3.ivy: line 582: l2s_needed_were_frozen ...
PASS
            hermes_o3.ivy: line 582: l2s_work_preserved ...
PASS
            hermes_o3.ivy: line 582: l2s_progress_made ...
PASS
            hermes_o3.ivy: line 582: l2s_progress_invar ...
PASS
            hermes_o3.ivy: line 582: l2s_sched_stable ...
PASS
            hermes_o3.ivy: line 582: l2s_not_all_done ...
PASS
            hermes_o3.ivy: line 582: l2s_sched_exists ...
PASS
            hermes_o3.ivy: line 582: l2s_globally_0 ...
PASS
            hermes_o3.ivy: line 582: l2s_globally_1 ...
PASS
            hermes_o3.ivy: line 582: l2s_globally_2 ...
PASS
            hermes_o3.ivy: line 582: l2s_globally_3 ...
PASS
            hermes_o3.ivy: line 582: l2s_globally_4 ...
PASS
            hermes_o3.ivy: line 582: l2s_globally_5 ...
PASS
            hermes_o3.ivy: line 582: l2s_globally_6 ...
PASS
            hermes_o3.ivy: line 582: l2s_globally_7 ...
PASS
            hermes_o3.ivy: line 582: l2s_status_0 ...
PASS
            hermes_o3.ivy: line 582: l2s_status_1 ...
PASS
            hermes_o3.ivy: line 582: l2s_status_2 ...
PASS
            hermes_o3.ivy: line 582: l2s_status_3 ...
PASS
            hermes_o3.ivy: line 582: l2s_consts_d ...
PASS
            hermes_o3.ivy: line 582: neg_prop_init ...
PASS
        (internal) ext:hermes_protocol.o3_observe_quorum
            hermes_o3.ivy: line 590: invar162 ...
PASS
            hermes_o3.ivy: line 582: l2s_needed_when_start ...
PASS
            hermes_o3.ivy: line 582: l2s_created ...
PASS
            hermes_o3.ivy: line 582: l2s_needed_are_frozen ...
PASS
            hermes_o3.ivy: line 582: l2s_needed_were_frozen ...
PASS
            hermes_o3.ivy: line 582: l2s_work_preserved ...
PASS
            hermes_o3.ivy: line 582: l2s_progress_made ...
PASS
            hermes_o3.ivy: line 582: l2s_progress_invar ...
PASS
            hermes_o3.ivy: line 582: l2s_sched_stable ...
PASS
            hermes_o3.ivy: line 582: l2s_not_all_done ...
PASS
            hermes_o3.ivy: line 582: l2s_sched_exists ...
PASS
            hermes_o3.ivy: line 582: l2s_globally_0 ...
PASS
            hermes_o3.ivy: line 582: l2s_globally_1 ...
PASS
            hermes_o3.ivy: line 582: l2s_globally_2 ...
PASS
            hermes_o3.ivy: line 582: l2s_globally_3 ...
PASS
            hermes_o3.ivy: line 582: l2s_globally_4 ...
PASS
            hermes_o3.ivy: line 582: l2s_globally_5 ...
PASS
            hermes_o3.ivy: line 582: l2s_globally_6 ...
PASS
            hermes_o3.ivy: line 582: l2s_globally_7 ...
PASS
            hermes_o3.ivy: line 582: l2s_status_0 ...
PASS
            hermes_o3.ivy: line 582: l2s_status_1 ...
PASS
            hermes_o3.ivy: line 582: l2s_status_2 ...
PASS
            hermes_o3.ivy: line 582: l2s_status_3 ...
PASS
            hermes_o3.ivy: line 582: l2s_consts_d ...
PASS
            hermes_o3.ivy: line 582: neg_prop_init ...
PASS
        (internal) ext:hermes_protocol.receive_ack
            hermes_o3.ivy: line 590: invar162 ...
PASS
            hermes_o3.ivy: line 582: l2s_needed_when_start ...
PASS
            hermes_o3.ivy: line 582: l2s_created ...
PASS
            hermes_o3.ivy: line 582: l2s_needed_are_frozen ...
PASS
            hermes_o3.ivy: line 582: l2s_needed_were_frozen ...
PASS
            hermes_o3.ivy: line 582: l2s_work_preserved ...
PASS
            hermes_o3.ivy: line 582: l2s_progress_made ...
PASS
            hermes_o3.ivy: line 582: l2s_progress_invar ...
PASS
            hermes_o3.ivy: line 582: l2s_sched_stable ...
PASS
            hermes_o3.ivy: line 582: l2s_not_all_done ...
PASS
            hermes_o3.ivy: line 582: l2s_sched_exists ...
PASS
            hermes_o3.ivy: line 582: l2s_globally_0 ...
PASS
            hermes_o3.ivy: line 582: l2s_globally_1 ...
PASS
            hermes_o3.ivy: line 582: l2s_globally_2 ...
PASS
            hermes_o3.ivy: line 582: l2s_globally_3 ...
PASS
            hermes_o3.ivy: line 582: l2s_globally_4 ...
PASS
            hermes_o3.ivy: line 582: l2s_globally_5 ...
PASS
            hermes_o3.ivy: line 582: l2s_globally_6 ...
PASS
            hermes_o3.ivy: line 582: l2s_globally_7 ...
PASS
            hermes_o3.ivy: line 582: l2s_status_0 ...
PASS
            hermes_o3.ivy: line 582: l2s_status_1 ...
PASS
            hermes_o3.ivy: line 582: l2s_status_2 ...
PASS
            hermes_o3.ivy: line 582: l2s_status_3 ...
PASS
            hermes_o3.ivy: line 582: l2s_consts_d ...
PASS
            hermes_o3.ivy: line 582: neg_prop_init ...
PASS
        (internal) ext:hermes_protocol.receive_rmw_inv
            hermes_o3.ivy: line 590: invar162 ...
PASS
            hermes_o3.ivy: line 582: l2s_needed_when_start ...
PASS
            hermes_o3.ivy: line 582: l2s_created ...
PASS
            hermes_o3.ivy: line 582: l2s_needed_are_frozen ...
PASS
            hermes_o3.ivy: line 582: l2s_needed_were_frozen ...
PASS
            hermes_o3.ivy: line 582: l2s_work_preserved ...
PASS
            hermes_o3.ivy: line 582: l2s_progress_made ...
PASS
            hermes_o3.ivy: line 582: l2s_progress_invar ...
PASS
            hermes_o3.ivy: line 582: l2s_sched_stable ...
PASS
            hermes_o3.ivy: line 582: l2s_not_all_done ...
PASS
            hermes_o3.ivy: line 582: l2s_sched_exists ...
PASS
            hermes_o3.ivy: line 582: l2s_globally_0 ...
PASS
            hermes_o3.ivy: line 582: l2s_globally_1 ...
PASS
            hermes_o3.ivy: line 582: l2s_globally_2 ...
PASS
            hermes_o3.ivy: line 582: l2s_globally_3 ...
PASS
            hermes_o3.ivy: line 582: l2s_globally_4 ...
PASS
            hermes_o3.ivy: line 582: l2s_globally_5 ...
PASS
            hermes_o3.ivy: line 582: l2s_globally_6 ...
PASS
            hermes_o3.ivy: line 582: l2s_globally_7 ...
PASS
            hermes_o3.ivy: line 582: l2s_status_0 ...
PASS
            hermes_o3.ivy: line 582: l2s_status_1 ...
PASS
            hermes_o3.ivy: line 582: l2s_status_2 ...
PASS
            hermes_o3.ivy: line 582: l2s_status_3 ...
PASS
            hermes_o3.ivy: line 582: l2s_consts_d ...
PASS
            hermes_o3.ivy: line 582: neg_prop_init ...
PASS
        (internal) ext:hermes_protocol.receive_rmw_inv_completed_conflict
            hermes_o3.ivy: line 590: invar162 ...
PASS
            hermes_o3.ivy: line 582: l2s_needed_when_start ...
PASS
            hermes_o3.ivy: line 582: l2s_created ...
PASS
            hermes_o3.ivy: line 582: l2s_needed_are_frozen ...
PASS
            hermes_o3.ivy: line 582: l2s_needed_were_frozen ...
PASS
            hermes_o3.ivy: line 582: l2s_work_preserved ...
PASS
            hermes_o3.ivy: line 582: l2s_progress_made ...
PASS
            hermes_o3.ivy: line 582: l2s_progress_invar ...
PASS
            hermes_o3.ivy: line 582: l2s_sched_stable ...
PASS
            hermes_o3.ivy: line 582: l2s_not_all_done ...
PASS
            hermes_o3.ivy: line 582: l2s_sched_exists ...
PASS
            hermes_o3.ivy: line 582: l2s_globally_0 ...
PASS
            hermes_o3.ivy: line 582: l2s_globally_1 ...
PASS
            hermes_o3.ivy: line 582: l2s_globally_2 ...
PASS
            hermes_o3.ivy: line 582: l2s_globally_3 ...
PASS
            hermes_o3.ivy: line 582: l2s_globally_4 ...
PASS
            hermes_o3.ivy: line 582: l2s_globally_5 ...
PASS
            hermes_o3.ivy: line 582: l2s_globally_6 ...
PASS
            hermes_o3.ivy: line 582: l2s_globally_7 ...
PASS
            hermes_o3.ivy: line 582: l2s_status_0 ...
PASS
            hermes_o3.ivy: line 582: l2s_status_1 ...
PASS
            hermes_o3.ivy: line 582: l2s_status_2 ...
PASS
            hermes_o3.ivy: line 582: l2s_status_3 ...
PASS
            hermes_o3.ivy: line 582: l2s_consts_d ...
PASS
            hermes_o3.ivy: line 582: neg_prop_init ...
PASS
        (internal) ext:hermes_protocol.receive_validate
            hermes_o3.ivy: line 590: invar162 ...
PASS
            hermes_o3.ivy: line 582: l2s_needed_when_start ...
PASS
            hermes_o3.ivy: line 582: l2s_created ...
PASS
            hermes_o3.ivy: line 582: l2s_needed_are_frozen ...
PASS
            hermes_o3.ivy: line 582: l2s_needed_were_frozen ...
PASS
            hermes_o3.ivy: line 582: l2s_work_preserved ...
PASS
            hermes_o3.ivy: line 582: l2s_progress_made ...
PASS
            hermes_o3.ivy: line 582: l2s_progress_invar ...
PASS
            hermes_o3.ivy: line 582: l2s_sched_stable ...
PASS
            hermes_o3.ivy: line 582: l2s_not_all_done ...
PASS
            hermes_o3.ivy: line 582: l2s_sched_exists ...
PASS
            hermes_o3.ivy: line 582: l2s_globally_0 ...
PASS
            hermes_o3.ivy: line 582: l2s_globally_1 ...
PASS
            hermes_o3.ivy: line 582: l2s_globally_2 ...
PASS
            hermes_o3.ivy: line 582: l2s_globally_3 ...
PASS
            hermes_o3.ivy: line 582: l2s_globally_4 ...
PASS
            hermes_o3.ivy: line 582: l2s_globally_5 ...
PASS
            hermes_o3.ivy: line 582: l2s_globally_6 ...
PASS
            hermes_o3.ivy: line 582: l2s_globally_7 ...
PASS
            hermes_o3.ivy: line 582: l2s_status_0 ...
PASS
            hermes_o3.ivy: line 582: l2s_status_1 ...
PASS
            hermes_o3.ivy: line 582: l2s_status_2 ...
PASS
            hermes_o3.ivy: line 582: l2s_status_3 ...
PASS
            hermes_o3.ivy: line 582: l2s_consts_d ...
PASS
            hermes_o3.ivy: line 582: neg_prop_init ...
PASS
        (internal) ext:hermes_protocol.receive_write_inv
            hermes_o3.ivy: line 590: invar162 ...
PASS
            hermes_o3.ivy: line 582: l2s_needed_when_start ...
PASS
            hermes_o3.ivy: line 582: l2s_created ...
PASS
            hermes_o3.ivy: line 582: l2s_needed_are_frozen ...
PASS
            hermes_o3.ivy: line 582: l2s_needed_were_frozen ...
PASS
            hermes_o3.ivy: line 582: l2s_work_preserved ...
PASS
            hermes_o3.ivy: line 582: l2s_progress_made ...
PASS
            hermes_o3.ivy: line 582: l2s_progress_invar ...
PASS
            hermes_o3.ivy: line 582: l2s_sched_stable ...
PASS
            hermes_o3.ivy: line 582: l2s_not_all_done ...
PASS
            hermes_o3.ivy: line 582: l2s_sched_exists ...
PASS
            hermes_o3.ivy: line 582: l2s_globally_0 ...
PASS
            hermes_o3.ivy: line 582: l2s_globally_1 ...
PASS
            hermes_o3.ivy: line 582: l2s_globally_2 ...
PASS
            hermes_o3.ivy: line 582: l2s_globally_3 ...
PASS
            hermes_o3.ivy: line 582: l2s_globally_4 ...
PASS
            hermes_o3.ivy: line 582: l2s_globally_5 ...
PASS
            hermes_o3.ivy: line 582: l2s_globally_6 ...
PASS
            hermes_o3.ivy: line 582: l2s_globally_7 ...
PASS
            hermes_o3.ivy: line 582: l2s_status_0 ...
PASS
            hermes_o3.ivy: line 582: l2s_status_1 ...
PASS
            hermes_o3.ivy: line 582: l2s_status_2 ...
PASS
            hermes_o3.ivy: line 582: l2s_status_3 ...
PASS
            hermes_o3.ivy: line 582: l2s_consts_d ...
PASS
            hermes_o3.ivy: line 582: neg_prop_init ...
PASS
        (internal) ext:hermes_protocol.replay_after_failure
            hermes_o3.ivy: line 590: invar162 ...
PASS
            hermes_o3.ivy: line 582: l2s_needed_when_start ...
PASS
            hermes_o3.ivy: line 582: l2s_created ...
PASS
            hermes_o3.ivy: line 582: l2s_needed_are_frozen ...
PASS
            hermes_o3.ivy: line 582: l2s_needed_were_frozen ...
PASS
            hermes_o3.ivy: line 582: l2s_work_preserved ...
PASS
            hermes_o3.ivy: line 582: l2s_progress_made ...
PASS
            hermes_o3.ivy: line 582: l2s_progress_invar ...
PASS
            hermes_o3.ivy: line 582: l2s_sched_stable ...
PASS
            hermes_o3.ivy: line 582: l2s_not_all_done ...
PASS
            hermes_o3.ivy: line 582: l2s_sched_exists ...
PASS
            hermes_o3.ivy: line 582: l2s_globally_0 ...
PASS
            hermes_o3.ivy: line 582: l2s_globally_1 ...
PASS
            hermes_o3.ivy: line 582: l2s_globally_2 ...
PASS
            hermes_o3.ivy: line 582: l2s_globally_3 ...
PASS
            hermes_o3.ivy: line 582: l2s_globally_4 ...
PASS
            hermes_o3.ivy: line 582: l2s_globally_5 ...
PASS
            hermes_o3.ivy: line 582: l2s_globally_6 ...
PASS
            hermes_o3.ivy: line 582: l2s_globally_7 ...
PASS
            hermes_o3.ivy: line 582: l2s_status_0 ...
PASS
            hermes_o3.ivy: line 582: l2s_status_1 ...
PASS
            hermes_o3.ivy: line 582: l2s_status_2 ...
PASS
            hermes_o3.ivy: line 582: l2s_status_3 ...
PASS
            hermes_o3.ivy: line 582: l2s_consts_d ...
PASS
            hermes_o3.ivy: line 582: neg_prop_init ...
PASS
        (internal) idle
            hermes_o3.ivy: line 590: invar162 ...
PASS
            hermes_o3.ivy: line 582: l2s_needed_when_start ...
PASS
            hermes_o3.ivy: line 582: l2s_created ...
PASS
            hermes_o3.ivy: line 582: l2s_needed_are_frozen ...
PASS
            hermes_o3.ivy: line 582: l2s_needed_were_frozen ...
PASS
            hermes_o3.ivy: line 582: l2s_work_preserved ...
PASS
            hermes_o3.ivy: line 582: l2s_progress_made ...
PASS
            hermes_o3.ivy: line 582: l2s_progress_invar ...
PASS
            hermes_o3.ivy: line 582: l2s_sched_stable ...
PASS
            hermes_o3.ivy: line 582: l2s_not_all_done ...
PASS
            hermes_o3.ivy: line 582: l2s_sched_exists ...
PASS
            hermes_o3.ivy: line 582: l2s_globally_0 ...
PASS
            hermes_o3.ivy: line 582: l2s_globally_1 ...
PASS
            hermes_o3.ivy: line 582: l2s_globally_2 ...
PASS
            hermes_o3.ivy: line 582: l2s_globally_3 ...
PASS
            hermes_o3.ivy: line 582: l2s_globally_4 ...
PASS
            hermes_o3.ivy: line 582: l2s_globally_5 ...
PASS
            hermes_o3.ivy: line 582: l2s_globally_6 ...
PASS
            hermes_o3.ivy: line 582: l2s_globally_7 ...
PASS
            hermes_o3.ivy: line 582: l2s_status_0 ...
PASS
            hermes_o3.ivy: line 582: l2s_status_1 ...
PASS
            hermes_o3.ivy: line 582: l2s_status_2 ...
PASS
            hermes_o3.ivy: line 582: l2s_status_3 ...
PASS
            hermes_o3.ivy: line 582: l2s_consts_d ...
PASS
            hermes_o3.ivy: line 582: neg_prop_init ...
PASS

    The following program assertions are treated as assumptions:
        in action hermes_protocol.local_write when called from the environment:
            nowhere: assumption
            nowhere: assumption
            nowhere: assumption
            nowhere: assumption
            nowhere: assumption
            nowhere: assumption
            hermes_o3.ivy: line 134: assumption
            hermes_o3.ivy: line 135: assumption
            hermes_o3.ivy: line 136: assumption
            hermes_o3.ivy: line 137: assumption
            hermes_o3.ivy: line 138: assumption
            hermes_o3.ivy: line 139: assumption
            hermes_o3.ivy: line 142: assumption
            nowhere: assumption
            nowhere: assumption
            nowhere: assumption
            nowhere: assumption
            nowhere: assumption
            nowhere: assumption
            nowhere: assumption
            nowhere: assumption
            nowhere: assumption
            nowhere: assumption
            nowhere: assumption
            nowhere: assumption
        in action hermes_protocol.local_rmw when called from the environment:
            nowhere: assumption
            nowhere: assumption
            nowhere: assumption
            nowhere: assumption
            nowhere: assumption
            nowhere: assumption
            hermes_o3.ivy: line 165: assumption
            hermes_o3.ivy: line 166: assumption
            hermes_o3.ivy: line 167: assumption
            hermes_o3.ivy: line 168: assumption
            hermes_o3.ivy: line 169: assumption
            hermes_o3.ivy: line 170: assumption
            hermes_o3.ivy: line 172: assumption
            nowhere: assumption
            nowhere: assumption
            nowhere: assumption
            nowhere: assumption
            nowhere: assumption
            nowhere: assumption
            nowhere: assumption
            nowhere: assumption
            nowhere: assumption
            nowhere: assumption
            nowhere: assumption
            nowhere: assumption
        in action hermes_protocol.receive_write_inv when called from the environment:
            nowhere: assumption
            nowhere: assumption
            nowhere: assumption
            nowhere: assumption
            nowhere: assumption
            nowhere: assumption
            hermes_o3.ivy: line 195: assumption
            hermes_o3.ivy: line 196: assumption
            hermes_o3.ivy: line 197: assumption
            nowhere: assumption
            nowhere: assumption
            nowhere: assumption
            nowhere: assumption
            nowhere: assumption
            nowhere: assumption
            nowhere: assumption
            nowhere: assumption
            nowhere: assumption
            nowhere: assumption
            nowhere: assumption
            nowhere: assumption
            nowhere: assumption
            nowhere: assumption
            nowhere: assumption
            nowhere: assumption
            nowhere: assumption
            nowhere: assumption
            nowhere: assumption
            nowhere: assumption
            nowhere: assumption
            nowhere: assumption
            nowhere: assumption
            nowhere: assumption
        in action hermes_protocol.receive_rmw_inv when called from the environment:
            nowhere: assumption
            nowhere: assumption
            nowhere: assumption
            nowhere: assumption
            nowhere: assumption
            nowhere: assumption
            hermes_o3.ivy: line 227: assumption
            hermes_o3.ivy: line 228: assumption
            hermes_o3.ivy: line 229: assumption
            hermes_o3.ivy: line 230: assumption
            nowhere: assumption
            nowhere: assumption
            nowhere: assumption
            nowhere: assumption
            nowhere: assumption
            nowhere: assumption
            nowhere: assumption
            nowhere: assumption
            nowhere: assumption
            nowhere: assumption
            nowhere: assumption
            nowhere: assumption
            nowhere: assumption
            nowhere: assumption
            nowhere: assumption
            nowhere: assumption
            nowhere: assumption
            nowhere: assumption
            nowhere: assumption
            nowhere: assumption
            nowhere: assumption
            nowhere: assumption
            nowhere: assumption
            nowhere: assumption
        in action hermes_protocol.receive_rmw_inv_completed_conflict when called from the environment:
            nowhere: assumption
            nowhere: assumption
            nowhere: assumption
            nowhere: assumption
            nowhere: assumption
            nowhere: assumption
            hermes_o3.ivy: line 271: assumption
            hermes_o3.ivy: line 272: assumption
            hermes_o3.ivy: line 273: assumption
            hermes_o3.ivy: line 274: assumption
            hermes_o3.ivy: line 275: assumption
            hermes_o3.ivy: line 276: assumption
            hermes_o3.ivy: line 277: assumption
            hermes_o3.ivy: line 278: assumption
        in action hermes_protocol.receive_ack when called from the environment:
            nowhere: assumption
            nowhere: assumption
            nowhere: assumption
            nowhere: assumption
            nowhere: assumption
            nowhere: assumption
            hermes_o3.ivy: line 291: assumption
            hermes_o3.ivy: line 292: assumption
            hermes_o3.ivy: line 293: assumption
            hermes_o3.ivy: line 294: assumption
        in action hermes_protocol.complete_current when called from the environment:
            nowhere: assumption
            nowhere: assumption
            nowhere: assumption
            nowhere: assumption
            nowhere: assumption
            nowhere: assumption
            hermes_o3.ivy: line 316: assumption
            hermes_o3.ivy: line 317: assumption
            hermes_o3.ivy: line 318: assumption
            hermes_o3.ivy: line 319: assumption
            hermes_o3.ivy: line 320: assumption
            hermes_o3.ivy: line 321: assumption
            hermes_o3.ivy: line 322: assumption
            nowhere: assumption
            nowhere: assumption
            nowhere: assumption
            nowhere: assumption
            nowhere: assumption
            nowhere: assumption
            nowhere: assumption
            nowhere: assumption
            nowhere: assumption
            nowhere: assumption
            nowhere: assumption
            nowhere: assumption
        in action hermes_protocol.complete_overwritten when called from the environment:
            nowhere: assumption
            nowhere: assumption
            nowhere: assumption
            nowhere: assumption
            nowhere: assumption
            nowhere: assumption
            hermes_o3.ivy: line 335: assumption
            hermes_o3.ivy: line 336: assumption
            hermes_o3.ivy: line 337: assumption
            hermes_o3.ivy: line 338: assumption
            hermes_o3.ivy: line 339: assumption
            hermes_o3.ivy: line 340: assumption
            nowhere: assumption
            nowhere: assumption
            nowhere: assumption
            nowhere: assumption
            nowhere: assumption
            nowhere: assumption
            nowhere: assumption
            nowhere: assumption
            nowhere: assumption
            nowhere: assumption
            nowhere: assumption
            nowhere: assumption
        in action hermes_protocol.complete_ready when called from the environment:
            nowhere: assumption
            nowhere: assumption
            nowhere: assumption
            nowhere: assumption
            nowhere: assumption
            nowhere: assumption
            hermes_o3.ivy: line 484: assumption
            nowhere: assumption
            nowhere: assumption
            nowhere: assumption
            nowhere: assumption
            nowhere: assumption
            nowhere: assumption
            nowhere: assumption
            nowhere: assumption
            nowhere: assumption
            nowhere: assumption
            nowhere: assumption
            nowhere: assumption
            nowhere: assumption
            nowhere: assumption
            nowhere: assumption
            nowhere: assumption
            nowhere: assumption
            nowhere: assumption
            nowhere: assumption
            nowhere: assumption
            nowhere: assumption
            nowhere: assumption
            nowhere: assumption
            nowhere: assumption
        in action hermes_protocol.o3_observe_quorum when called from the environment:
            nowhere: assumption
            nowhere: assumption
            nowhere: assumption
            nowhere: assumption
            nowhere: assumption
            nowhere: assumption
            hermes_o3.ivy: line 519: assumption
            hermes_o3.ivy: line 520: assumption
            hermes_o3.ivy: line 521: assumption
            nowhere: assumption
            nowhere: assumption
            nowhere: assumption
        in action hermes_protocol.o3_complete when called from the environment:
            nowhere: assumption
            nowhere: assumption
            nowhere: assumption
            nowhere: assumption
            nowhere: assumption
            nowhere: assumption
            hermes_o3.ivy: line 529: assumption
            hermes_o3.ivy: line 530: assumption
            hermes_o3.ivy: line 531: assumption
            hermes_o3.ivy: line 532: assumption
            hermes_o3.ivy: line 533: assumption
            nowhere: assumption
            nowhere: assumption
            nowhere: assumption
            nowhere: assumption
            nowhere: assumption
            nowhere: assumption
            nowhere: assumption
            nowhere: assumption
            nowhere: assumption
            nowhere: assumption
            nowhere: assumption
            nowhere: assumption
            nowhere: assumption
            nowhere: assumption
            nowhere: assumption
            nowhere: assumption
            nowhere: assumption
            nowhere: assumption
            nowhere: assumption
            nowhere: assumption
            nowhere: assumption
            nowhere: assumption
            nowhere: assumption
            nowhere: assumption
        in action hermes_protocol.mark_ready when called from the environment:
            nowhere: assumption
            nowhere: assumption
            nowhere: assumption
            nowhere: assumption
            nowhere: assumption
            nowhere: assumption
            hermes_o3.ivy: line 303: assumption
            hermes_o3.ivy: line 304: assumption
            hermes_o3.ivy: line 305: assumption
            hermes_o3.ivy: line 306: assumption
            hermes_o3.ivy: line 307: assumption
            hermes_o3.ivy: line 308: assumption
        in action hermes_protocol.receive_validate when called from the environment:
            nowhere: assumption
            nowhere: assumption
            nowhere: assumption
            nowhere: assumption
            nowhere: assumption
            nowhere: assumption
            hermes_o3.ivy: line 355: assumption
            hermes_o3.ivy: line 356: assumption
            nowhere: assumption
            nowhere: assumption
            nowhere: assumption
            nowhere: assumption
            nowhere: assumption
            nowhere: assumption
        in action hermes_protocol.replay_after_failure when called from the environment:
            nowhere: assumption
            nowhere: assumption
            nowhere: assumption
            nowhere: assumption
            nowhere: assumption
            nowhere: assumption
            hermes_o3.ivy: line 372: assumption
            hermes_o3.ivy: line 373: assumption
            hermes_o3.ivy: line 374: assumption
            hermes_o3.ivy: line 375: assumption
            hermes_o3.ivy: line 376: assumption
            nowhere: assumption
            nowhere: assumption
            nowhere: assumption
            nowhere: assumption
            nowhere: assumption
            nowhere: assumption
        in action hermes_protocol.fail when called from the environment:
            nowhere: assumption
            nowhere: assumption
            nowhere: assumption
            nowhere: assumption
            nowhere: assumption
            nowhere: assumption
            hermes_o3.ivy: line 396: assumption
        in action idle when called from the environment:
            nowhere: assumption
            nowhere: assumption
            nowhere: assumption
            nowhere: assumption
            nowhere: assumption
            nowhere: assumption
            nowhere: assumption
            nowhere: assumption

    The following program assertions are treated as guarantees:
        in action idle when called from the environment,the environment:
            hermes_o3.ivy: line 589: guarantee ...
PASS

Isolate this:

    The following properties are treated as axioms: 
        hermes_o3.ivy: line 11: hermes_protocol.axiom1
        hermes_o3.ivy: line 12: hermes_protocol.axiom2
        hermes_o3.ivy: line 13: hermes_protocol.axiom3
        hermes_o3.ivy: line 14: hermes_protocol.axiom4
        hermes_o3.ivy: line 56: hermes_protocol.axiom6

    The following properties are treated as properties:
        hermes_o3.ivy: line 561: hermes_protocol.ready_epochs_eventually_finish
        hermes_o3.ivy: line 577: hermes_protocol.o3_ack_quorums_eventually_finish

    The following properties are treated as conjectures: 

    The following properties are assumed as axioms:
        hermes_o3.ivy: line 11: hermes_protocol.axiom1
        hermes_o3.ivy: line 12: hermes_protocol.axiom2
        hermes_o3.ivy: line 13: hermes_protocol.axiom3
        hermes_o3.ivy: line 14: hermes_protocol.axiom4
        hermes_o3.ivy: line 56: hermes_protocol.axiom6

    The following definitions are used:
        hermes_o3.ivy: line 49: hermes_protocol.def5

    The following properties are to be checked:

    The following action implementations are present:
        hermes_o3.ivy: line 34: implementation of hermes_protocol.complete_current
        hermes_o3.ivy: line 35: implementation of hermes_protocol.complete_overwritten
        hermes_o3.ivy: line 36: implementation of hermes_protocol.complete_ready
        hermes_o3.ivy: line 42: implementation of hermes_protocol.fail
        hermes_o3.ivy: line 29: implementation of hermes_protocol.local_rmw
        hermes_o3.ivy: line 28: implementation of hermes_protocol.local_write
        hermes_o3.ivy: line 39: implementation of hermes_protocol.mark_ready
        hermes_o3.ivy: line 38: implementation of hermes_protocol.o3_complete
        hermes_o3.ivy: line 37: implementation of hermes_protocol.o3_observe_quorum
        hermes_o3.ivy: line 33: implementation of hermes_protocol.receive_ack
        hermes_o3.ivy: line 31: implementation of hermes_protocol.receive_rmw_inv
        hermes_o3.ivy: line 32: implementation of hermes_protocol.receive_rmw_inv_completed_conflict
        hermes_o3.ivy: line 40: implementation of hermes_protocol.receive_validate
        hermes_o3.ivy: line 30: implementation of hermes_protocol.receive_write_inv
        hermes_o3.ivy: line 41: implementation of hermes_protocol.replay_after_failure

    The following action monitors are present:
        hermes_o3.ivy: line 315: monitor of hermes_protocol.complete_current
        hermes_o3.ivy: line 334: monitor of hermes_protocol.complete_overwritten
        hermes_o3.ivy: line 483: monitor of hermes_protocol.complete_ready
        hermes_o3.ivy: line 395: monitor of hermes_protocol.fail
        hermes_o3.ivy: line 164: monitor of hermes_protocol.local_rmw
        hermes_o3.ivy: line 133: monitor of hermes_protocol.local_write
        hermes_o3.ivy: line 302: monitor of hermes_protocol.mark_ready
        hermes_o3.ivy: line 528: monitor of hermes_protocol.o3_complete
        hermes_o3.ivy: line 518: monitor of hermes_protocol.o3_observe_quorum
        hermes_o3.ivy: line 290: monitor of hermes_protocol.receive_ack
        hermes_o3.ivy: line 226: monitor of hermes_protocol.receive_rmw_inv
        hermes_o3.ivy: line 270: monitor of hermes_protocol.receive_rmw_inv_completed_conflict
        hermes_o3.ivy: line 354: monitor of hermes_protocol.receive_validate
        hermes_o3.ivy: line 194: monitor of hermes_protocol.receive_write_inv
        hermes_o3.ivy: line 371: monitor of hermes_protocol.replay_after_failure

    The following initializers are present:
initializer:        hermes_o3.ivy: line 99:  hermes_protocol.init[after7]

    The following program assertions are treated as assumptions:
        in action hermes_protocol.local_write when called from the environment:
            hermes_o3.ivy: line 411: assumption
            hermes_o3.ivy: line 412: assumption
            hermes_o3.ivy: line 413: assumption
            hermes_o3.ivy: line 414: assumption
            hermes_o3.ivy: line 416: assumption
            hermes_o3.ivy: line 417: assumption
            hermes_o3.ivy: line 418: assumption
            hermes_o3.ivy: line 420: assumption
            hermes_o3.ivy: line 421: assumption
            hermes_o3.ivy: line 422: assumption
            hermes_o3.ivy: line 423: assumption
            hermes_o3.ivy: line 424: assumption
            hermes_o3.ivy: line 425: assumption
            hermes_o3.ivy: line 426: assumption
            hermes_o3.ivy: line 427: assumption
            hermes_o3.ivy: line 428: assumption
            hermes_o3.ivy: line 429: assumption
            hermes_o3.ivy: line 430: assumption
            hermes_o3.ivy: line 432: assumption
            hermes_o3.ivy: line 433: assumption
            hermes_o3.ivy: line 434: assumption
            hermes_o3.ivy: line 435: assumption
            hermes_o3.ivy: line 436: assumption
            hermes_o3.ivy: line 437: assumption
            hermes_o3.ivy: line 438: assumption
            hermes_o3.ivy: line 439: assumption
            hermes_o3.ivy: line 440: assumption
            hermes_o3.ivy: line 441: assumption
            hermes_o3.ivy: line 442: assumption
            hermes_o3.ivy: line 443: assumption
            hermes_o3.ivy: line 444: assumption
            hermes_o3.ivy: line 445: assumption
            hermes_o3.ivy: line 446: assumption
            hermes_o3.ivy: line 447: assumption
            hermes_o3.ivy: line 448: assumption
            hermes_o3.ivy: line 449: assumption
            hermes_o3.ivy: line 450: assumption
            hermes_o3.ivy: line 451: assumption
            hermes_o3.ivy: line 452: assumption
            hermes_o3.ivy: line 457: assumption
            hermes_o3.ivy: line 459: assumption
            hermes_o3.ivy: line 463: assumption
            hermes_o3.ivy: line 464: assumption
            hermes_o3.ivy: line 467: assumption
            hermes_o3.ivy: line 472: assumption
            hermes_o3.ivy: line 473: assumption
            hermes_o3.ivy: line 477: assumption
            hermes_o3.ivy: line 552: assumption
            hermes_o3.ivy: line 553: assumption
            hermes_o3.ivy: line 554: assumption
            hermes_o3.ivy: line 555: assumption
            hermes_o3.ivy: line 556: assumption
            hermes_o3.ivy: line 557: assumption
            hermes_o3.ivy: line 558: assumption
            hermes_o3.ivy: line 559: assumption
            hermes_o3.ivy: line 134: assumption
            hermes_o3.ivy: line 135: assumption
            hermes_o3.ivy: line 136: assumption
            hermes_o3.ivy: line 137: assumption
            hermes_o3.ivy: line 138: assumption
            hermes_o3.ivy: line 139: assumption
            hermes_o3.ivy: line 142: assumption
            hermes_o3.ivy: line 411: assumption
            hermes_o3.ivy: line 412: assumption
            hermes_o3.ivy: line 413: assumption
            hermes_o3.ivy: line 414: assumption
            hermes_o3.ivy: line 416: assumption
            hermes_o3.ivy: line 417: assumption
            hermes_o3.ivy: line 418: assumption
            hermes_o3.ivy: line 420: assumption
            hermes_o3.ivy: line 421: assumption
            hermes_o3.ivy: line 422: assumption
            hermes_o3.ivy: line 423: assumption
            hermes_o3.ivy: line 424: assumption
            hermes_o3.ivy: line 425: assumption
            hermes_o3.ivy: line 426: assumption
            hermes_o3.ivy: line 427: assumption
            hermes_o3.ivy: line 428: assumption
            hermes_o3.ivy: line 429: assumption
            hermes_o3.ivy: line 430: assumption
            hermes_o3.ivy: line 432: assumption
            hermes_o3.ivy: line 433: assumption
            hermes_o3.ivy: line 434: assumption
            hermes_o3.ivy: line 435: assumption
            hermes_o3.ivy: line 436: assumption
            hermes_o3.ivy: line 437: assumption
            hermes_o3.ivy: line 438: assumption
            hermes_o3.ivy: line 439: assumption
            hermes_o3.ivy: line 440: assumption
            hermes_o3.ivy: line 441: assumption
            hermes_o3.ivy: line 442: assumption
            hermes_o3.ivy: line 443: assumption
            hermes_o3.ivy: line 444: assumption
            hermes_o3.ivy: line 445: assumption
            hermes_o3.ivy: line 446: assumption
            hermes_o3.ivy: line 447: assumption
            hermes_o3.ivy: line 448: assumption
            hermes_o3.ivy: line 449: assumption
            hermes_o3.ivy: line 450: assumption
            hermes_o3.ivy: line 451: assumption
            hermes_o3.ivy: line 452: assumption
            hermes_o3.ivy: line 457: assumption
            hermes_o3.ivy: line 459: assumption
            hermes_o3.ivy: line 463: assumption
            hermes_o3.ivy: line 464: assumption
            hermes_o3.ivy: line 467: assumption
            hermes_o3.ivy: line 472: assumption
            hermes_o3.ivy: line 473: assumption
            hermes_o3.ivy: line 477: assumption
            hermes_o3.ivy: line 552: assumption
            hermes_o3.ivy: line 553: assumption
            hermes_o3.ivy: line 554: assumption
            hermes_o3.ivy: line 555: assumption
            hermes_o3.ivy: line 556: assumption
            hermes_o3.ivy: line 557: assumption
            hermes_o3.ivy: line 558: assumption
            hermes_o3.ivy: line 559: assumption
        in action hermes_protocol.local_rmw when called from the environment:
            hermes_o3.ivy: line 411: assumption
            hermes_o3.ivy: line 412: assumption
            hermes_o3.ivy: line 413: assumption
            hermes_o3.ivy: line 414: assumption
            hermes_o3.ivy: line 416: assumption
            hermes_o3.ivy: line 417: assumption
            hermes_o3.ivy: line 418: assumption
            hermes_o3.ivy: line 420: assumption
            hermes_o3.ivy: line 421: assumption
            hermes_o3.ivy: line 422: assumption
            hermes_o3.ivy: line 423: assumption
            hermes_o3.ivy: line 424: assumption
            hermes_o3.ivy: line 425: assumption
            hermes_o3.ivy: line 426: assumption
            hermes_o3.ivy: line 427: assumption
            hermes_o3.ivy: line 428: assumption
            hermes_o3.ivy: line 429: assumption
            hermes_o3.ivy: line 430: assumption
            hermes_o3.ivy: line 432: assumption
            hermes_o3.ivy: line 433: assumption
            hermes_o3.ivy: line 434: assumption
            hermes_o3.ivy: line 435: assumption
            hermes_o3.ivy: line 436: assumption
            hermes_o3.ivy: line 437: assumption
            hermes_o3.ivy: line 438: assumption
            hermes_o3.ivy: line 439: assumption
            hermes_o3.ivy: line 440: assumption
            hermes_o3.ivy: line 441: assumption
            hermes_o3.ivy: line 442: assumption
            hermes_o3.ivy: line 443: assumption
            hermes_o3.ivy: line 444: assumption
            hermes_o3.ivy: line 445: assumption
            hermes_o3.ivy: line 446: assumption
            hermes_o3.ivy: line 447: assumption
            hermes_o3.ivy: line 448: assumption
            hermes_o3.ivy: line 449: assumption
            hermes_o3.ivy: line 450: assumption
            hermes_o3.ivy: line 451: assumption
            hermes_o3.ivy: line 452: assumption
            hermes_o3.ivy: line 457: assumption
            hermes_o3.ivy: line 459: assumption
            hermes_o3.ivy: line 463: assumption
            hermes_o3.ivy: line 464: assumption
            hermes_o3.ivy: line 467: assumption
            hermes_o3.ivy: line 472: assumption
            hermes_o3.ivy: line 473: assumption
            hermes_o3.ivy: line 477: assumption
            hermes_o3.ivy: line 552: assumption
            hermes_o3.ivy: line 553: assumption
            hermes_o3.ivy: line 554: assumption
            hermes_o3.ivy: line 555: assumption
            hermes_o3.ivy: line 556: assumption
            hermes_o3.ivy: line 557: assumption
            hermes_o3.ivy: line 558: assumption
            hermes_o3.ivy: line 559: assumption
            hermes_o3.ivy: line 165: assumption
            hermes_o3.ivy: line 166: assumption
            hermes_o3.ivy: line 167: assumption
            hermes_o3.ivy: line 168: assumption
            hermes_o3.ivy: line 169: assumption
            hermes_o3.ivy: line 170: assumption
            hermes_o3.ivy: line 172: assumption
            hermes_o3.ivy: line 411: assumption
            hermes_o3.ivy: line 412: assumption
            hermes_o3.ivy: line 413: assumption
            hermes_o3.ivy: line 414: assumption
            hermes_o3.ivy: line 416: assumption
            hermes_o3.ivy: line 417: assumption
            hermes_o3.ivy: line 418: assumption
            hermes_o3.ivy: line 420: assumption
            hermes_o3.ivy: line 421: assumption
            hermes_o3.ivy: line 422: assumption
            hermes_o3.ivy: line 423: assumption
            hermes_o3.ivy: line 424: assumption
            hermes_o3.ivy: line 425: assumption
            hermes_o3.ivy: line 426: assumption
            hermes_o3.ivy: line 427: assumption
            hermes_o3.ivy: line 428: assumption
            hermes_o3.ivy: line 429: assumption
            hermes_o3.ivy: line 430: assumption
            hermes_o3.ivy: line 432: assumption
            hermes_o3.ivy: line 433: assumption
            hermes_o3.ivy: line 434: assumption
            hermes_o3.ivy: line 435: assumption
            hermes_o3.ivy: line 436: assumption
            hermes_o3.ivy: line 437: assumption
            hermes_o3.ivy: line 438: assumption
            hermes_o3.ivy: line 439: assumption
            hermes_o3.ivy: line 440: assumption
            hermes_o3.ivy: line 441: assumption
            hermes_o3.ivy: line 442: assumption
            hermes_o3.ivy: line 443: assumption
            hermes_o3.ivy: line 444: assumption
            hermes_o3.ivy: line 445: assumption
            hermes_o3.ivy: line 446: assumption
            hermes_o3.ivy: line 447: assumption
            hermes_o3.ivy: line 448: assumption
            hermes_o3.ivy: line 449: assumption
            hermes_o3.ivy: line 450: assumption
            hermes_o3.ivy: line 451: assumption
            hermes_o3.ivy: line 452: assumption
            hermes_o3.ivy: line 457: assumption
            hermes_o3.ivy: line 459: assumption
            hermes_o3.ivy: line 463: assumption
            hermes_o3.ivy: line 464: assumption
            hermes_o3.ivy: line 467: assumption
            hermes_o3.ivy: line 472: assumption
            hermes_o3.ivy: line 473: assumption
            hermes_o3.ivy: line 477: assumption
            hermes_o3.ivy: line 552: assumption
            hermes_o3.ivy: line 553: assumption
            hermes_o3.ivy: line 554: assumption
            hermes_o3.ivy: line 555: assumption
            hermes_o3.ivy: line 556: assumption
            hermes_o3.ivy: line 557: assumption
            hermes_o3.ivy: line 558: assumption
            hermes_o3.ivy: line 559: assumption
        in action hermes_protocol.receive_write_inv when called from the environment:
            hermes_o3.ivy: line 411: assumption
            hermes_o3.ivy: line 412: assumption
            hermes_o3.ivy: line 413: assumption
            hermes_o3.ivy: line 414: assumption
            hermes_o3.ivy: line 416: assumption
            hermes_o3.ivy: line 417: assumption
            hermes_o3.ivy: line 418: assumption
            hermes_o3.ivy: line 420: assumption
            hermes_o3.ivy: line 421: assumption
            hermes_o3.ivy: line 422: assumption
            hermes_o3.ivy: line 423: assumption
            hermes_o3.ivy: line 424: assumption
            hermes_o3.ivy: line 425: assumption
            hermes_o3.ivy: line 426: assumption
            hermes_o3.ivy: line 427: assumption
            hermes_o3.ivy: line 428: assumption
            hermes_o3.ivy: line 429: assumption
            hermes_o3.ivy: line 430: assumption
            hermes_o3.ivy: line 432: assumption
            hermes_o3.ivy: line 433: assumption
            hermes_o3.ivy: line 434: assumption
            hermes_o3.ivy: line 435: assumption
            hermes_o3.ivy: line 436: assumption
            hermes_o3.ivy: line 437: assumption
            hermes_o3.ivy: line 438: assumption
            hermes_o3.ivy: line 439: assumption
            hermes_o3.ivy: line 440: assumption
            hermes_o3.ivy: line 441: assumption
            hermes_o3.ivy: line 442: assumption
            hermes_o3.ivy: line 443: assumption
            hermes_o3.ivy: line 444: assumption
            hermes_o3.ivy: line 445: assumption
            hermes_o3.ivy: line 446: assumption
            hermes_o3.ivy: line 447: assumption
            hermes_o3.ivy: line 448: assumption
            hermes_o3.ivy: line 449: assumption
            hermes_o3.ivy: line 450: assumption
            hermes_o3.ivy: line 451: assumption
            hermes_o3.ivy: line 452: assumption
            hermes_o3.ivy: line 457: assumption
            hermes_o3.ivy: line 459: assumption
            hermes_o3.ivy: line 463: assumption
            hermes_o3.ivy: line 464: assumption
            hermes_o3.ivy: line 467: assumption
            hermes_o3.ivy: line 472: assumption
            hermes_o3.ivy: line 473: assumption
            hermes_o3.ivy: line 477: assumption
            hermes_o3.ivy: line 552: assumption
            hermes_o3.ivy: line 553: assumption
            hermes_o3.ivy: line 554: assumption
            hermes_o3.ivy: line 555: assumption
            hermes_o3.ivy: line 556: assumption
            hermes_o3.ivy: line 557: assumption
            hermes_o3.ivy: line 558: assumption
            hermes_o3.ivy: line 559: assumption
            hermes_o3.ivy: line 195: assumption
            hermes_o3.ivy: line 196: assumption
            hermes_o3.ivy: line 197: assumption
            hermes_o3.ivy: line 411: assumption
            hermes_o3.ivy: line 412: assumption
            hermes_o3.ivy: line 413: assumption
            hermes_o3.ivy: line 414: assumption
            hermes_o3.ivy: line 416: assumption
            hermes_o3.ivy: line 417: assumption
            hermes_o3.ivy: line 418: assumption
            hermes_o3.ivy: line 420: assumption
            hermes_o3.ivy: line 421: assumption
            hermes_o3.ivy: line 422: assumption
            hermes_o3.ivy: line 423: assumption
            hermes_o3.ivy: line 424: assumption
            hermes_o3.ivy: line 425: assumption
            hermes_o3.ivy: line 426: assumption
            hermes_o3.ivy: line 427: assumption
            hermes_o3.ivy: line 428: assumption
            hermes_o3.ivy: line 429: assumption
            hermes_o3.ivy: line 430: assumption
            hermes_o3.ivy: line 432: assumption
            hermes_o3.ivy: line 433: assumption
            hermes_o3.ivy: line 434: assumption
            hermes_o3.ivy: line 435: assumption
            hermes_o3.ivy: line 436: assumption
            hermes_o3.ivy: line 437: assumption
            hermes_o3.ivy: line 438: assumption
            hermes_o3.ivy: line 439: assumption
            hermes_o3.ivy: line 440: assumption
            hermes_o3.ivy: line 441: assumption
            hermes_o3.ivy: line 442: assumption
            hermes_o3.ivy: line 443: assumption
            hermes_o3.ivy: line 444: assumption
            hermes_o3.ivy: line 445: assumption
            hermes_o3.ivy: line 446: assumption
            hermes_o3.ivy: line 447: assumption
            hermes_o3.ivy: line 448: assumption
            hermes_o3.ivy: line 449: assumption
            hermes_o3.ivy: line 450: assumption
            hermes_o3.ivy: line 451: assumption
            hermes_o3.ivy: line 452: assumption
            hermes_o3.ivy: line 457: assumption
            hermes_o3.ivy: line 459: assumption
            hermes_o3.ivy: line 463: assumption
            hermes_o3.ivy: line 464: assumption
            hermes_o3.ivy: line 467: assumption
            hermes_o3.ivy: line 472: assumption
            hermes_o3.ivy: line 473: assumption
            hermes_o3.ivy: line 477: assumption
            hermes_o3.ivy: line 552: assumption
            hermes_o3.ivy: line 553: assumption
            hermes_o3.ivy: line 554: assumption
            hermes_o3.ivy: line 555: assumption
            hermes_o3.ivy: line 556: assumption
            hermes_o3.ivy: line 557: assumption
            hermes_o3.ivy: line 558: assumption
            hermes_o3.ivy: line 559: assumption
        in action hermes_protocol.receive_rmw_inv when called from the environment:
            hermes_o3.ivy: line 411: assumption
            hermes_o3.ivy: line 412: assumption
            hermes_o3.ivy: line 413: assumption
            hermes_o3.ivy: line 414: assumption
            hermes_o3.ivy: line 416: assumption
            hermes_o3.ivy: line 417: assumption
            hermes_o3.ivy: line 418: assumption
            hermes_o3.ivy: line 420: assumption
            hermes_o3.ivy: line 421: assumption
            hermes_o3.ivy: line 422: assumption
            hermes_o3.ivy: line 423: assumption
            hermes_o3.ivy: line 424: assumption
            hermes_o3.ivy: line 425: assumption
            hermes_o3.ivy: line 426: assumption
            hermes_o3.ivy: line 427: assumption
            hermes_o3.ivy: line 428: assumption
            hermes_o3.ivy: line 429: assumption
            hermes_o3.ivy: line 430: assumption
            hermes_o3.ivy: line 432: assumption
            hermes_o3.ivy: line 433: assumption
            hermes_o3.ivy: line 434: assumption
            hermes_o3.ivy: line 435: assumption
            hermes_o3.ivy: line 436: assumption
            hermes_o3.ivy: line 437: assumption
            hermes_o3.ivy: line 438: assumption
            hermes_o3.ivy: line 439: assumption
            hermes_o3.ivy: line 440: assumption
            hermes_o3.ivy: line 441: assumption
            hermes_o3.ivy: line 442: assumption
            hermes_o3.ivy: line 443: assumption
            hermes_o3.ivy: line 444: assumption
            hermes_o3.ivy: line 445: assumption
            hermes_o3.ivy: line 446: assumption
            hermes_o3.ivy: line 447: assumption
            hermes_o3.ivy: line 448: assumption
            hermes_o3.ivy: line 449: assumption
            hermes_o3.ivy: line 450: assumption
            hermes_o3.ivy: line 451: assumption
            hermes_o3.ivy: line 452: assumption
            hermes_o3.ivy: line 457: assumption
            hermes_o3.ivy: line 459: assumption
            hermes_o3.ivy: line 463: assumption
            hermes_o3.ivy: line 464: assumption
            hermes_o3.ivy: line 467: assumption
            hermes_o3.ivy: line 472: assumption
            hermes_o3.ivy: line 473: assumption
            hermes_o3.ivy: line 477: assumption
            hermes_o3.ivy: line 552: assumption
            hermes_o3.ivy: line 553: assumption
            hermes_o3.ivy: line 554: assumption
            hermes_o3.ivy: line 555: assumption
            hermes_o3.ivy: line 556: assumption
            hermes_o3.ivy: line 557: assumption
            hermes_o3.ivy: line 558: assumption
            hermes_o3.ivy: line 559: assumption
            hermes_o3.ivy: line 227: assumption
            hermes_o3.ivy: line 228: assumption
            hermes_o3.ivy: line 229: assumption
            hermes_o3.ivy: line 230: assumption
            hermes_o3.ivy: line 411: assumption
            hermes_o3.ivy: line 412: assumption
            hermes_o3.ivy: line 413: assumption
            hermes_o3.ivy: line 414: assumption
            hermes_o3.ivy: line 416: assumption
            hermes_o3.ivy: line 417: assumption
            hermes_o3.ivy: line 418: assumption
            hermes_o3.ivy: line 420: assumption
            hermes_o3.ivy: line 421: assumption
            hermes_o3.ivy: line 422: assumption
            hermes_o3.ivy: line 423: assumption
            hermes_o3.ivy: line 424: assumption
            hermes_o3.ivy: line 425: assumption
            hermes_o3.ivy: line 426: assumption
            hermes_o3.ivy: line 427: assumption
            hermes_o3.ivy: line 428: assumption
            hermes_o3.ivy: line 429: assumption
            hermes_o3.ivy: line 430: assumption
            hermes_o3.ivy: line 432: assumption
            hermes_o3.ivy: line 433: assumption
            hermes_o3.ivy: line 434: assumption
            hermes_o3.ivy: line 435: assumption
            hermes_o3.ivy: line 436: assumption
            hermes_o3.ivy: line 437: assumption
            hermes_o3.ivy: line 438: assumption
            hermes_o3.ivy: line 439: assumption
            hermes_o3.ivy: line 440: assumption
            hermes_o3.ivy: line 441: assumption
            hermes_o3.ivy: line 442: assumption
            hermes_o3.ivy: line 443: assumption
            hermes_o3.ivy: line 444: assumption
            hermes_o3.ivy: line 445: assumption
            hermes_o3.ivy: line 446: assumption
            hermes_o3.ivy: line 447: assumption
            hermes_o3.ivy: line 448: assumption
            hermes_o3.ivy: line 449: assumption
            hermes_o3.ivy: line 450: assumption
            hermes_o3.ivy: line 451: assumption
            hermes_o3.ivy: line 452: assumption
            hermes_o3.ivy: line 457: assumption
            hermes_o3.ivy: line 459: assumption
            hermes_o3.ivy: line 463: assumption
            hermes_o3.ivy: line 464: assumption
            hermes_o3.ivy: line 467: assumption
            hermes_o3.ivy: line 472: assumption
            hermes_o3.ivy: line 473: assumption
            hermes_o3.ivy: line 477: assumption
            hermes_o3.ivy: line 552: assumption
            hermes_o3.ivy: line 553: assumption
            hermes_o3.ivy: line 554: assumption
            hermes_o3.ivy: line 555: assumption
            hermes_o3.ivy: line 556: assumption
            hermes_o3.ivy: line 557: assumption
            hermes_o3.ivy: line 558: assumption
            hermes_o3.ivy: line 559: assumption
        in action hermes_protocol.receive_rmw_inv_completed_conflict when called from the environment:
            hermes_o3.ivy: line 411: assumption
            hermes_o3.ivy: line 412: assumption
            hermes_o3.ivy: line 413: assumption
            hermes_o3.ivy: line 414: assumption
            hermes_o3.ivy: line 416: assumption
            hermes_o3.ivy: line 417: assumption
            hermes_o3.ivy: line 418: assumption
            hermes_o3.ivy: line 420: assumption
            hermes_o3.ivy: line 421: assumption
            hermes_o3.ivy: line 422: assumption
            hermes_o3.ivy: line 423: assumption
            hermes_o3.ivy: line 424: assumption
            hermes_o3.ivy: line 425: assumption
            hermes_o3.ivy: line 426: assumption
            hermes_o3.ivy: line 427: assumption
            hermes_o3.ivy: line 428: assumption
            hermes_o3.ivy: line 429: assumption
            hermes_o3.ivy: line 430: assumption
            hermes_o3.ivy: line 432: assumption
            hermes_o3.ivy: line 433: assumption
            hermes_o3.ivy: line 434: assumption
            hermes_o3.ivy: line 435: assumption
            hermes_o3.ivy: line 436: assumption
            hermes_o3.ivy: line 437: assumption
            hermes_o3.ivy: line 438: assumption
            hermes_o3.ivy: line 439: assumption
            hermes_o3.ivy: line 440: assumption
            hermes_o3.ivy: line 441: assumption
            hermes_o3.ivy: line 442: assumption
            hermes_o3.ivy: line 443: assumption
            hermes_o3.ivy: line 444: assumption
            hermes_o3.ivy: line 445: assumption
            hermes_o3.ivy: line 446: assumption
            hermes_o3.ivy: line 447: assumption
            hermes_o3.ivy: line 448: assumption
            hermes_o3.ivy: line 449: assumption
            hermes_o3.ivy: line 450: assumption
            hermes_o3.ivy: line 451: assumption
            hermes_o3.ivy: line 452: assumption
            hermes_o3.ivy: line 457: assumption
            hermes_o3.ivy: line 459: assumption
            hermes_o3.ivy: line 463: assumption
            hermes_o3.ivy: line 464: assumption
            hermes_o3.ivy: line 467: assumption
            hermes_o3.ivy: line 472: assumption
            hermes_o3.ivy: line 473: assumption
            hermes_o3.ivy: line 477: assumption
            hermes_o3.ivy: line 552: assumption
            hermes_o3.ivy: line 553: assumption
            hermes_o3.ivy: line 554: assumption
            hermes_o3.ivy: line 555: assumption
            hermes_o3.ivy: line 556: assumption
            hermes_o3.ivy: line 557: assumption
            hermes_o3.ivy: line 558: assumption
            hermes_o3.ivy: line 559: assumption
            hermes_o3.ivy: line 271: assumption
            hermes_o3.ivy: line 272: assumption
            hermes_o3.ivy: line 273: assumption
            hermes_o3.ivy: line 274: assumption
            hermes_o3.ivy: line 275: assumption
            hermes_o3.ivy: line 276: assumption
            hermes_o3.ivy: line 277: assumption
            hermes_o3.ivy: line 278: assumption
            hermes_o3.ivy: line 411: assumption
            hermes_o3.ivy: line 412: assumption
            hermes_o3.ivy: line 413: assumption
            hermes_o3.ivy: line 414: assumption
            hermes_o3.ivy: line 416: assumption
            hermes_o3.ivy: line 417: assumption
            hermes_o3.ivy: line 418: assumption
            hermes_o3.ivy: line 420: assumption
            hermes_o3.ivy: line 421: assumption
            hermes_o3.ivy: line 422: assumption
            hermes_o3.ivy: line 423: assumption
            hermes_o3.ivy: line 424: assumption
            hermes_o3.ivy: line 425: assumption
            hermes_o3.ivy: line 426: assumption
            hermes_o3.ivy: line 427: assumption
            hermes_o3.ivy: line 428: assumption
            hermes_o3.ivy: line 429: assumption
            hermes_o3.ivy: line 430: assumption
            hermes_o3.ivy: line 432: assumption
            hermes_o3.ivy: line 433: assumption
            hermes_o3.ivy: line 434: assumption
            hermes_o3.ivy: line 435: assumption
            hermes_o3.ivy: line 436: assumption
            hermes_o3.ivy: line 437: assumption
            hermes_o3.ivy: line 438: assumption
            hermes_o3.ivy: line 439: assumption
            hermes_o3.ivy: line 440: assumption
            hermes_o3.ivy: line 441: assumption
            hermes_o3.ivy: line 442: assumption
            hermes_o3.ivy: line 443: assumption
            hermes_o3.ivy: line 444: assumption
            hermes_o3.ivy: line 445: assumption
            hermes_o3.ivy: line 446: assumption
            hermes_o3.ivy: line 447: assumption
            hermes_o3.ivy: line 448: assumption
            hermes_o3.ivy: line 449: assumption
            hermes_o3.ivy: line 450: assumption
            hermes_o3.ivy: line 451: assumption
            hermes_o3.ivy: line 452: assumption
            hermes_o3.ivy: line 457: assumption
            hermes_o3.ivy: line 459: assumption
            hermes_o3.ivy: line 463: assumption
            hermes_o3.ivy: line 464: assumption
            hermes_o3.ivy: line 467: assumption
            hermes_o3.ivy: line 472: assumption
            hermes_o3.ivy: line 473: assumption
            hermes_o3.ivy: line 477: assumption
            hermes_o3.ivy: line 552: assumption
            hermes_o3.ivy: line 553: assumption
            hermes_o3.ivy: line 554: assumption
            hermes_o3.ivy: line 555: assumption
            hermes_o3.ivy: line 556: assumption
            hermes_o3.ivy: line 557: assumption
            hermes_o3.ivy: line 558: assumption
            hermes_o3.ivy: line 559: assumption
        in action hermes_protocol.receive_ack when called from the environment:
            hermes_o3.ivy: line 411: assumption
            hermes_o3.ivy: line 412: assumption
            hermes_o3.ivy: line 413: assumption
            hermes_o3.ivy: line 414: assumption
            hermes_o3.ivy: line 416: assumption
            hermes_o3.ivy: line 417: assumption
            hermes_o3.ivy: line 418: assumption
            hermes_o3.ivy: line 420: assumption
            hermes_o3.ivy: line 421: assumption
            hermes_o3.ivy: line 422: assumption
            hermes_o3.ivy: line 423: assumption
            hermes_o3.ivy: line 424: assumption
            hermes_o3.ivy: line 425: assumption
            hermes_o3.ivy: line 426: assumption
            hermes_o3.ivy: line 427: assumption
            hermes_o3.ivy: line 428: assumption
            hermes_o3.ivy: line 429: assumption
            hermes_o3.ivy: line 430: assumption
            hermes_o3.ivy: line 432: assumption
            hermes_o3.ivy: line 433: assumption
            hermes_o3.ivy: line 434: assumption
            hermes_o3.ivy: line 435: assumption
            hermes_o3.ivy: line 436: assumption
            hermes_o3.ivy: line 437: assumption
            hermes_o3.ivy: line 438: assumption
            hermes_o3.ivy: line 439: assumption
            hermes_o3.ivy: line 440: assumption
            hermes_o3.ivy: line 441: assumption
            hermes_o3.ivy: line 442: assumption
            hermes_o3.ivy: line 443: assumption
            hermes_o3.ivy: line 444: assumption
            hermes_o3.ivy: line 445: assumption
            hermes_o3.ivy: line 446: assumption
            hermes_o3.ivy: line 447: assumption
            hermes_o3.ivy: line 448: assumption
            hermes_o3.ivy: line 449: assumption
            hermes_o3.ivy: line 450: assumption
            hermes_o3.ivy: line 451: assumption
            hermes_o3.ivy: line 452: assumption
            hermes_o3.ivy: line 457: assumption
            hermes_o3.ivy: line 459: assumption
            hermes_o3.ivy: line 463: assumption
            hermes_o3.ivy: line 464: assumption
            hermes_o3.ivy: line 467: assumption
            hermes_o3.ivy: line 472: assumption
            hermes_o3.ivy: line 473: assumption
            hermes_o3.ivy: line 477: assumption
            hermes_o3.ivy: line 552: assumption
            hermes_o3.ivy: line 553: assumption
            hermes_o3.ivy: line 554: assumption
            hermes_o3.ivy: line 555: assumption
            hermes_o3.ivy: line 556: assumption
            hermes_o3.ivy: line 557: assumption
            hermes_o3.ivy: line 558: assumption
            hermes_o3.ivy: line 559: assumption
            hermes_o3.ivy: line 291: assumption
            hermes_o3.ivy: line 292: assumption
            hermes_o3.ivy: line 293: assumption
            hermes_o3.ivy: line 294: assumption
            hermes_o3.ivy: line 411: assumption
            hermes_o3.ivy: line 412: assumption
            hermes_o3.ivy: line 413: assumption
            hermes_o3.ivy: line 414: assumption
            hermes_o3.ivy: line 416: assumption
            hermes_o3.ivy: line 417: assumption
            hermes_o3.ivy: line 418: assumption
            hermes_o3.ivy: line 420: assumption
            hermes_o3.ivy: line 421: assumption
            hermes_o3.ivy: line 422: assumption
            hermes_o3.ivy: line 423: assumption
            hermes_o3.ivy: line 424: assumption
            hermes_o3.ivy: line 425: assumption
            hermes_o3.ivy: line 426: assumption
            hermes_o3.ivy: line 427: assumption
            hermes_o3.ivy: line 428: assumption
            hermes_o3.ivy: line 429: assumption
            hermes_o3.ivy: line 430: assumption
            hermes_o3.ivy: line 432: assumption
            hermes_o3.ivy: line 433: assumption
            hermes_o3.ivy: line 434: assumption
            hermes_o3.ivy: line 435: assumption
            hermes_o3.ivy: line 436: assumption
            hermes_o3.ivy: line 437: assumption
            hermes_o3.ivy: line 438: assumption
            hermes_o3.ivy: line 439: assumption
            hermes_o3.ivy: line 440: assumption
            hermes_o3.ivy: line 441: assumption
            hermes_o3.ivy: line 442: assumption
            hermes_o3.ivy: line 443: assumption
            hermes_o3.ivy: line 444: assumption
            hermes_o3.ivy: line 445: assumption
            hermes_o3.ivy: line 446: assumption
            hermes_o3.ivy: line 447: assumption
            hermes_o3.ivy: line 448: assumption
            hermes_o3.ivy: line 449: assumption
            hermes_o3.ivy: line 450: assumption
            hermes_o3.ivy: line 451: assumption
            hermes_o3.ivy: line 452: assumption
            hermes_o3.ivy: line 457: assumption
            hermes_o3.ivy: line 459: assumption
            hermes_o3.ivy: line 463: assumption
            hermes_o3.ivy: line 464: assumption
            hermes_o3.ivy: line 467: assumption
            hermes_o3.ivy: line 472: assumption
            hermes_o3.ivy: line 473: assumption
            hermes_o3.ivy: line 477: assumption
            hermes_o3.ivy: line 552: assumption
            hermes_o3.ivy: line 553: assumption
            hermes_o3.ivy: line 554: assumption
            hermes_o3.ivy: line 555: assumption
            hermes_o3.ivy: line 556: assumption
            hermes_o3.ivy: line 557: assumption
            hermes_o3.ivy: line 558: assumption
            hermes_o3.ivy: line 559: assumption
        in action hermes_protocol.complete_current when called from the environment:
            hermes_o3.ivy: line 411: assumption
            hermes_o3.ivy: line 412: assumption
            hermes_o3.ivy: line 413: assumption
            hermes_o3.ivy: line 414: assumption
            hermes_o3.ivy: line 416: assumption
            hermes_o3.ivy: line 417: assumption
            hermes_o3.ivy: line 418: assumption
            hermes_o3.ivy: line 420: assumption
            hermes_o3.ivy: line 421: assumption
            hermes_o3.ivy: line 422: assumption
            hermes_o3.ivy: line 423: assumption
            hermes_o3.ivy: line 424: assumption
            hermes_o3.ivy: line 425: assumption
            hermes_o3.ivy: line 426: assumption
            hermes_o3.ivy: line 427: assumption
            hermes_o3.ivy: line 428: assumption
            hermes_o3.ivy: line 429: assumption
            hermes_o3.ivy: line 430: assumption
            hermes_o3.ivy: line 432: assumption
            hermes_o3.ivy: line 433: assumption
            hermes_o3.ivy: line 434: assumption
            hermes_o3.ivy: line 435: assumption
            hermes_o3.ivy: line 436: assumption
            hermes_o3.ivy: line 437: assumption
            hermes_o3.ivy: line 438: assumption
            hermes_o3.ivy: line 439: assumption
            hermes_o3.ivy: line 440: assumption
            hermes_o3.ivy: line 441: assumption
            hermes_o3.ivy: line 442: assumption
            hermes_o3.ivy: line 443: assumption
            hermes_o3.ivy: line 444: assumption
            hermes_o3.ivy: line 445: assumption
            hermes_o3.ivy: line 446: assumption
            hermes_o3.ivy: line 447: assumption
            hermes_o3.ivy: line 448: assumption
            hermes_o3.ivy: line 449: assumption
            hermes_o3.ivy: line 450: assumption
            hermes_o3.ivy: line 451: assumption
            hermes_o3.ivy: line 452: assumption
            hermes_o3.ivy: line 457: assumption
            hermes_o3.ivy: line 459: assumption
            hermes_o3.ivy: line 463: assumption
            hermes_o3.ivy: line 464: assumption
            hermes_o3.ivy: line 467: assumption
            hermes_o3.ivy: line 472: assumption
            hermes_o3.ivy: line 473: assumption
            hermes_o3.ivy: line 477: assumption
            hermes_o3.ivy: line 552: assumption
            hermes_o3.ivy: line 553: assumption
            hermes_o3.ivy: line 554: assumption
            hermes_o3.ivy: line 555: assumption
            hermes_o3.ivy: line 556: assumption
            hermes_o3.ivy: line 557: assumption
            hermes_o3.ivy: line 558: assumption
            hermes_o3.ivy: line 559: assumption
            hermes_o3.ivy: line 316: assumption
            hermes_o3.ivy: line 317: assumption
            hermes_o3.ivy: line 318: assumption
            hermes_o3.ivy: line 319: assumption
            hermes_o3.ivy: line 320: assumption
            hermes_o3.ivy: line 321: assumption
            hermes_o3.ivy: line 322: assumption
            hermes_o3.ivy: line 411: assumption
            hermes_o3.ivy: line 412: assumption
            hermes_o3.ivy: line 413: assumption
            hermes_o3.ivy: line 414: assumption
            hermes_o3.ivy: line 416: assumption
            hermes_o3.ivy: line 417: assumption
            hermes_o3.ivy: line 418: assumption
            hermes_o3.ivy: line 420: assumption
            hermes_o3.ivy: line 421: assumption
            hermes_o3.ivy: line 422: assumption
            hermes_o3.ivy: line 423: assumption
            hermes_o3.ivy: line 424: assumption
            hermes_o3.ivy: line 425: assumption
            hermes_o3.ivy: line 426: assumption
            hermes_o3.ivy: line 427: assumption
            hermes_o3.ivy: line 428: assumption
            hermes_o3.ivy: line 429: assumption
            hermes_o3.ivy: line 430: assumption
            hermes_o3.ivy: line 432: assumption
            hermes_o3.ivy: line 433: assumption
            hermes_o3.ivy: line 434: assumption
            hermes_o3.ivy: line 435: assumption
            hermes_o3.ivy: line 436: assumption
            hermes_o3.ivy: line 437: assumption
            hermes_o3.ivy: line 438: assumption
            hermes_o3.ivy: line 439: assumption
            hermes_o3.ivy: line 440: assumption
            hermes_o3.ivy: line 441: assumption
            hermes_o3.ivy: line 442: assumption
            hermes_o3.ivy: line 443: assumption
            hermes_o3.ivy: line 444: assumption
            hermes_o3.ivy: line 445: assumption
            hermes_o3.ivy: line 446: assumption
            hermes_o3.ivy: line 447: assumption
            hermes_o3.ivy: line 448: assumption
            hermes_o3.ivy: line 449: assumption
            hermes_o3.ivy: line 450: assumption
            hermes_o3.ivy: line 451: assumption
            hermes_o3.ivy: line 452: assumption
            hermes_o3.ivy: line 457: assumption
            hermes_o3.ivy: line 459: assumption
            hermes_o3.ivy: line 463: assumption
            hermes_o3.ivy: line 464: assumption
            hermes_o3.ivy: line 467: assumption
            hermes_o3.ivy: line 472: assumption
            hermes_o3.ivy: line 473: assumption
            hermes_o3.ivy: line 477: assumption
            hermes_o3.ivy: line 552: assumption
            hermes_o3.ivy: line 553: assumption
            hermes_o3.ivy: line 554: assumption
            hermes_o3.ivy: line 555: assumption
            hermes_o3.ivy: line 556: assumption
            hermes_o3.ivy: line 557: assumption
            hermes_o3.ivy: line 558: assumption
            hermes_o3.ivy: line 559: assumption
        in action hermes_protocol.complete_overwritten when called from the environment:
            hermes_o3.ivy: line 411: assumption
            hermes_o3.ivy: line 412: assumption
            hermes_o3.ivy: line 413: assumption
            hermes_o3.ivy: line 414: assumption
            hermes_o3.ivy: line 416: assumption
            hermes_o3.ivy: line 417: assumption
            hermes_o3.ivy: line 418: assumption
            hermes_o3.ivy: line 420: assumption
            hermes_o3.ivy: line 421: assumption
            hermes_o3.ivy: line 422: assumption
            hermes_o3.ivy: line 423: assumption
            hermes_o3.ivy: line 424: assumption
            hermes_o3.ivy: line 425: assumption
            hermes_o3.ivy: line 426: assumption
            hermes_o3.ivy: line 427: assumption
            hermes_o3.ivy: line 428: assumption
            hermes_o3.ivy: line 429: assumption
            hermes_o3.ivy: line 430: assumption
            hermes_o3.ivy: line 432: assumption
            hermes_o3.ivy: line 433: assumption
            hermes_o3.ivy: line 434: assumption
            hermes_o3.ivy: line 435: assumption
            hermes_o3.ivy: line 436: assumption
            hermes_o3.ivy: line 437: assumption
            hermes_o3.ivy: line 438: assumption
            hermes_o3.ivy: line 439: assumption
            hermes_o3.ivy: line 440: assumption
            hermes_o3.ivy: line 441: assumption
            hermes_o3.ivy: line 442: assumption
            hermes_o3.ivy: line 443: assumption
            hermes_o3.ivy: line 444: assumption
            hermes_o3.ivy: line 445: assumption
            hermes_o3.ivy: line 446: assumption
            hermes_o3.ivy: line 447: assumption
            hermes_o3.ivy: line 448: assumption
            hermes_o3.ivy: line 449: assumption
            hermes_o3.ivy: line 450: assumption
            hermes_o3.ivy: line 451: assumption
            hermes_o3.ivy: line 452: assumption
            hermes_o3.ivy: line 457: assumption
            hermes_o3.ivy: line 459: assumption
            hermes_o3.ivy: line 463: assumption
            hermes_o3.ivy: line 464: assumption
            hermes_o3.ivy: line 467: assumption
            hermes_o3.ivy: line 472: assumption
            hermes_o3.ivy: line 473: assumption
            hermes_o3.ivy: line 477: assumption
            hermes_o3.ivy: line 552: assumption
            hermes_o3.ivy: line 553: assumption
            hermes_o3.ivy: line 554: assumption
            hermes_o3.ivy: line 555: assumption
            hermes_o3.ivy: line 556: assumption
            hermes_o3.ivy: line 557: assumption
            hermes_o3.ivy: line 558: assumption
            hermes_o3.ivy: line 559: assumption
            hermes_o3.ivy: line 335: assumption
            hermes_o3.ivy: line 336: assumption
            hermes_o3.ivy: line 337: assumption
            hermes_o3.ivy: line 338: assumption
            hermes_o3.ivy: line 339: assumption
            hermes_o3.ivy: line 340: assumption
            hermes_o3.ivy: line 411: assumption
            hermes_o3.ivy: line 412: assumption
            hermes_o3.ivy: line 413: assumption
            hermes_o3.ivy: line 414: assumption
            hermes_o3.ivy: line 416: assumption
            hermes_o3.ivy: line 417: assumption
            hermes_o3.ivy: line 418: assumption
            hermes_o3.ivy: line 420: assumption
            hermes_o3.ivy: line 421: assumption
            hermes_o3.ivy: line 422: assumption
            hermes_o3.ivy: line 423: assumption
            hermes_o3.ivy: line 424: assumption
            hermes_o3.ivy: line 425: assumption
            hermes_o3.ivy: line 426: assumption
            hermes_o3.ivy: line 427: assumption
            hermes_o3.ivy: line 428: assumption
            hermes_o3.ivy: line 429: assumption
            hermes_o3.ivy: line 430: assumption
            hermes_o3.ivy: line 432: assumption
            hermes_o3.ivy: line 433: assumption
            hermes_o3.ivy: line 434: assumption
            hermes_o3.ivy: line 435: assumption
            hermes_o3.ivy: line 436: assumption
            hermes_o3.ivy: line 437: assumption
            hermes_o3.ivy: line 438: assumption
            hermes_o3.ivy: line 439: assumption
            hermes_o3.ivy: line 440: assumption
            hermes_o3.ivy: line 441: assumption
            hermes_o3.ivy: line 442: assumption
            hermes_o3.ivy: line 443: assumption
            hermes_o3.ivy: line 444: assumption
            hermes_o3.ivy: line 445: assumption
            hermes_o3.ivy: line 446: assumption
            hermes_o3.ivy: line 447: assumption
            hermes_o3.ivy: line 448: assumption
            hermes_o3.ivy: line 449: assumption
            hermes_o3.ivy: line 450: assumption
            hermes_o3.ivy: line 451: assumption
            hermes_o3.ivy: line 452: assumption
            hermes_o3.ivy: line 457: assumption
            hermes_o3.ivy: line 459: assumption
            hermes_o3.ivy: line 463: assumption
            hermes_o3.ivy: line 464: assumption
            hermes_o3.ivy: line 467: assumption
            hermes_o3.ivy: line 472: assumption
            hermes_o3.ivy: line 473: assumption
            hermes_o3.ivy: line 477: assumption
            hermes_o3.ivy: line 552: assumption
            hermes_o3.ivy: line 553: assumption
            hermes_o3.ivy: line 554: assumption
            hermes_o3.ivy: line 555: assumption
            hermes_o3.ivy: line 556: assumption
            hermes_o3.ivy: line 557: assumption
            hermes_o3.ivy: line 558: assumption
            hermes_o3.ivy: line 559: assumption
        in action hermes_protocol.complete_ready when called from the environment:
            hermes_o3.ivy: line 411: assumption
            hermes_o3.ivy: line 412: assumption
            hermes_o3.ivy: line 413: assumption
            hermes_o3.ivy: line 414: assumption
            hermes_o3.ivy: line 416: assumption
            hermes_o3.ivy: line 417: assumption
            hermes_o3.ivy: line 418: assumption
            hermes_o3.ivy: line 420: assumption
            hermes_o3.ivy: line 421: assumption
            hermes_o3.ivy: line 422: assumption
            hermes_o3.ivy: line 423: assumption
            hermes_o3.ivy: line 424: assumption
            hermes_o3.ivy: line 425: assumption
            hermes_o3.ivy: line 426: assumption
            hermes_o3.ivy: line 427: assumption
            hermes_o3.ivy: line 428: assumption
            hermes_o3.ivy: line 429: assumption
            hermes_o3.ivy: line 430: assumption
            hermes_o3.ivy: line 432: assumption
            hermes_o3.ivy: line 433: assumption
            hermes_o3.ivy: line 434: assumption
            hermes_o3.ivy: line 435: assumption
            hermes_o3.ivy: line 436: assumption
            hermes_o3.ivy: line 437: assumption
            hermes_o3.ivy: line 438: assumption
            hermes_o3.ivy: line 439: assumption
            hermes_o3.ivy: line 440: assumption
            hermes_o3.ivy: line 441: assumption
            hermes_o3.ivy: line 442: assumption
            hermes_o3.ivy: line 443: assumption
            hermes_o3.ivy: line 444: assumption
            hermes_o3.ivy: line 445: assumption
            hermes_o3.ivy: line 446: assumption
            hermes_o3.ivy: line 447: assumption
            hermes_o3.ivy: line 448: assumption
            hermes_o3.ivy: line 449: assumption
            hermes_o3.ivy: line 450: assumption
            hermes_o3.ivy: line 451: assumption
            hermes_o3.ivy: line 452: assumption
            hermes_o3.ivy: line 457: assumption
            hermes_o3.ivy: line 459: assumption
            hermes_o3.ivy: line 463: assumption
            hermes_o3.ivy: line 464: assumption
            hermes_o3.ivy: line 467: assumption
            hermes_o3.ivy: line 472: assumption
            hermes_o3.ivy: line 473: assumption
            hermes_o3.ivy: line 477: assumption
            hermes_o3.ivy: line 552: assumption
            hermes_o3.ivy: line 553: assumption
            hermes_o3.ivy: line 554: assumption
            hermes_o3.ivy: line 555: assumption
            hermes_o3.ivy: line 556: assumption
            hermes_o3.ivy: line 557: assumption
            hermes_o3.ivy: line 558: assumption
            hermes_o3.ivy: line 559: assumption
            hermes_o3.ivy: line 484: assumption
            hermes_o3.ivy: line 411: assumption
            hermes_o3.ivy: line 412: assumption
            hermes_o3.ivy: line 413: assumption
            hermes_o3.ivy: line 414: assumption
            hermes_o3.ivy: line 416: assumption
            hermes_o3.ivy: line 417: assumption
            hermes_o3.ivy: line 418: assumption
            hermes_o3.ivy: line 420: assumption
            hermes_o3.ivy: line 421: assumption
            hermes_o3.ivy: line 422: assumption
            hermes_o3.ivy: line 423: assumption
            hermes_o3.ivy: line 424: assumption
            hermes_o3.ivy: line 425: assumption
            hermes_o3.ivy: line 426: assumption
            hermes_o3.ivy: line 427: assumption
            hermes_o3.ivy: line 428: assumption
            hermes_o3.ivy: line 429: assumption
            hermes_o3.ivy: line 430: assumption
            hermes_o3.ivy: line 432: assumption
            hermes_o3.ivy: line 433: assumption
            hermes_o3.ivy: line 434: assumption
            hermes_o3.ivy: line 435: assumption
            hermes_o3.ivy: line 436: assumption
            hermes_o3.ivy: line 437: assumption
            hermes_o3.ivy: line 438: assumption
            hermes_o3.ivy: line 439: assumption
            hermes_o3.ivy: line 440: assumption
            hermes_o3.ivy: line 441: assumption
            hermes_o3.ivy: line 442: assumption
            hermes_o3.ivy: line 443: assumption
            hermes_o3.ivy: line 444: assumption
            hermes_o3.ivy: line 445: assumption
            hermes_o3.ivy: line 446: assumption
            hermes_o3.ivy: line 447: assumption
            hermes_o3.ivy: line 448: assumption
            hermes_o3.ivy: line 449: assumption
            hermes_o3.ivy: line 450: assumption
            hermes_o3.ivy: line 451: assumption
            hermes_o3.ivy: line 452: assumption
            hermes_o3.ivy: line 457: assumption
            hermes_o3.ivy: line 459: assumption
            hermes_o3.ivy: line 463: assumption
            hermes_o3.ivy: line 464: assumption
            hermes_o3.ivy: line 467: assumption
            hermes_o3.ivy: line 472: assumption
            hermes_o3.ivy: line 473: assumption
            hermes_o3.ivy: line 477: assumption
            hermes_o3.ivy: line 552: assumption
            hermes_o3.ivy: line 553: assumption
            hermes_o3.ivy: line 554: assumption
            hermes_o3.ivy: line 555: assumption
            hermes_o3.ivy: line 556: assumption
            hermes_o3.ivy: line 557: assumption
            hermes_o3.ivy: line 558: assumption
            hermes_o3.ivy: line 559: assumption
        in action hermes_protocol.o3_observe_quorum when called from the environment:
            hermes_o3.ivy: line 411: assumption
            hermes_o3.ivy: line 412: assumption
            hermes_o3.ivy: line 413: assumption
            hermes_o3.ivy: line 414: assumption
            hermes_o3.ivy: line 416: assumption
            hermes_o3.ivy: line 417: assumption
            hermes_o3.ivy: line 418: assumption
            hermes_o3.ivy: line 420: assumption
            hermes_o3.ivy: line 421: assumption
            hermes_o3.ivy: line 422: assumption
            hermes_o3.ivy: line 423: assumption
            hermes_o3.ivy: line 424: assumption
            hermes_o3.ivy: line 425: assumption
            hermes_o3.ivy: line 426: assumption
            hermes_o3.ivy: line 427: assumption
            hermes_o3.ivy: line 428: assumption
            hermes_o3.ivy: line 429: assumption
            hermes_o3.ivy: line 430: assumption
            hermes_o3.ivy: line 432: assumption
            hermes_o3.ivy: line 433: assumption
            hermes_o3.ivy: line 434: assumption
            hermes_o3.ivy: line 435: assumption
            hermes_o3.ivy: line 436: assumption
            hermes_o3.ivy: line 437: assumption
            hermes_o3.ivy: line 438: assumption
            hermes_o3.ivy: line 439: assumption
            hermes_o3.ivy: line 440: assumption
            hermes_o3.ivy: line 441: assumption
            hermes_o3.ivy: line 442: assumption
            hermes_o3.ivy: line 443: assumption
            hermes_o3.ivy: line 444: assumption
            hermes_o3.ivy: line 445: assumption
            hermes_o3.ivy: line 446: assumption
            hermes_o3.ivy: line 447: assumption
            hermes_o3.ivy: line 448: assumption
            hermes_o3.ivy: line 449: assumption
            hermes_o3.ivy: line 450: assumption
            hermes_o3.ivy: line 451: assumption
            hermes_o3.ivy: line 452: assumption
            hermes_o3.ivy: line 457: assumption
            hermes_o3.ivy: line 459: assumption
            hermes_o3.ivy: line 463: assumption
            hermes_o3.ivy: line 464: assumption
            hermes_o3.ivy: line 467: assumption
            hermes_o3.ivy: line 472: assumption
            hermes_o3.ivy: line 473: assumption
            hermes_o3.ivy: line 477: assumption
            hermes_o3.ivy: line 552: assumption
            hermes_o3.ivy: line 553: assumption
            hermes_o3.ivy: line 554: assumption
            hermes_o3.ivy: line 555: assumption
            hermes_o3.ivy: line 556: assumption
            hermes_o3.ivy: line 557: assumption
            hermes_o3.ivy: line 558: assumption
            hermes_o3.ivy: line 559: assumption
            hermes_o3.ivy: line 519: assumption
            hermes_o3.ivy: line 520: assumption
            hermes_o3.ivy: line 521: assumption
            hermes_o3.ivy: line 411: assumption
            hermes_o3.ivy: line 412: assumption
            hermes_o3.ivy: line 413: assumption
            hermes_o3.ivy: line 414: assumption
            hermes_o3.ivy: line 416: assumption
            hermes_o3.ivy: line 417: assumption
            hermes_o3.ivy: line 418: assumption
            hermes_o3.ivy: line 420: assumption
            hermes_o3.ivy: line 421: assumption
            hermes_o3.ivy: line 422: assumption
            hermes_o3.ivy: line 423: assumption
            hermes_o3.ivy: line 424: assumption
            hermes_o3.ivy: line 425: assumption
            hermes_o3.ivy: line 426: assumption
            hermes_o3.ivy: line 427: assumption
            hermes_o3.ivy: line 428: assumption
            hermes_o3.ivy: line 429: assumption
            hermes_o3.ivy: line 430: assumption
            hermes_o3.ivy: line 432: assumption
            hermes_o3.ivy: line 433: assumption
            hermes_o3.ivy: line 434: assumption
            hermes_o3.ivy: line 435: assumption
            hermes_o3.ivy: line 436: assumption
            hermes_o3.ivy: line 437: assumption
            hermes_o3.ivy: line 438: assumption
            hermes_o3.ivy: line 439: assumption
            hermes_o3.ivy: line 440: assumption
            hermes_o3.ivy: line 441: assumption
            hermes_o3.ivy: line 442: assumption
            hermes_o3.ivy: line 443: assumption
            hermes_o3.ivy: line 444: assumption
            hermes_o3.ivy: line 445: assumption
            hermes_o3.ivy: line 446: assumption
            hermes_o3.ivy: line 447: assumption
            hermes_o3.ivy: line 448: assumption
            hermes_o3.ivy: line 449: assumption
            hermes_o3.ivy: line 450: assumption
            hermes_o3.ivy: line 451: assumption
            hermes_o3.ivy: line 452: assumption
            hermes_o3.ivy: line 457: assumption
            hermes_o3.ivy: line 459: assumption
            hermes_o3.ivy: line 463: assumption
            hermes_o3.ivy: line 464: assumption
            hermes_o3.ivy: line 467: assumption
            hermes_o3.ivy: line 472: assumption
            hermes_o3.ivy: line 473: assumption
            hermes_o3.ivy: line 477: assumption
            hermes_o3.ivy: line 552: assumption
            hermes_o3.ivy: line 553: assumption
            hermes_o3.ivy: line 554: assumption
            hermes_o3.ivy: line 555: assumption
            hermes_o3.ivy: line 556: assumption
            hermes_o3.ivy: line 557: assumption
            hermes_o3.ivy: line 558: assumption
            hermes_o3.ivy: line 559: assumption
        in action hermes_protocol.o3_complete when called from the environment:
            hermes_o3.ivy: line 411: assumption
            hermes_o3.ivy: line 412: assumption
            hermes_o3.ivy: line 413: assumption
            hermes_o3.ivy: line 414: assumption
            hermes_o3.ivy: line 416: assumption
            hermes_o3.ivy: line 417: assumption
            hermes_o3.ivy: line 418: assumption
            hermes_o3.ivy: line 420: assumption
            hermes_o3.ivy: line 421: assumption
            hermes_o3.ivy: line 422: assumption
            hermes_o3.ivy: line 423: assumption
            hermes_o3.ivy: line 424: assumption
            hermes_o3.ivy: line 425: assumption
            hermes_o3.ivy: line 426: assumption
            hermes_o3.ivy: line 427: assumption
            hermes_o3.ivy: line 428: assumption
            hermes_o3.ivy: line 429: assumption
            hermes_o3.ivy: line 430: assumption
            hermes_o3.ivy: line 432: assumption
            hermes_o3.ivy: line 433: assumption
            hermes_o3.ivy: line 434: assumption
            hermes_o3.ivy: line 435: assumption
            hermes_o3.ivy: line 436: assumption
            hermes_o3.ivy: line 437: assumption
            hermes_o3.ivy: line 438: assumption
            hermes_o3.ivy: line 439: assumption
            hermes_o3.ivy: line 440: assumption
            hermes_o3.ivy: line 441: assumption
            hermes_o3.ivy: line 442: assumption
            hermes_o3.ivy: line 443: assumption
            hermes_o3.ivy: line 444: assumption
            hermes_o3.ivy: line 445: assumption
            hermes_o3.ivy: line 446: assumption
            hermes_o3.ivy: line 447: assumption
            hermes_o3.ivy: line 448: assumption
            hermes_o3.ivy: line 449: assumption
            hermes_o3.ivy: line 450: assumption
            hermes_o3.ivy: line 451: assumption
            hermes_o3.ivy: line 452: assumption
            hermes_o3.ivy: line 457: assumption
            hermes_o3.ivy: line 459: assumption
            hermes_o3.ivy: line 463: assumption
            hermes_o3.ivy: line 464: assumption
            hermes_o3.ivy: line 467: assumption
            hermes_o3.ivy: line 472: assumption
            hermes_o3.ivy: line 473: assumption
            hermes_o3.ivy: line 477: assumption
            hermes_o3.ivy: line 552: assumption
            hermes_o3.ivy: line 553: assumption
            hermes_o3.ivy: line 554: assumption
            hermes_o3.ivy: line 555: assumption
            hermes_o3.ivy: line 556: assumption
            hermes_o3.ivy: line 557: assumption
            hermes_o3.ivy: line 558: assumption
            hermes_o3.ivy: line 559: assumption
            hermes_o3.ivy: line 529: assumption
            hermes_o3.ivy: line 530: assumption
            hermes_o3.ivy: line 531: assumption
            hermes_o3.ivy: line 532: assumption
            hermes_o3.ivy: line 533: assumption
            hermes_o3.ivy: line 411: assumption
            hermes_o3.ivy: line 412: assumption
            hermes_o3.ivy: line 413: assumption
            hermes_o3.ivy: line 414: assumption
            hermes_o3.ivy: line 416: assumption
            hermes_o3.ivy: line 417: assumption
            hermes_o3.ivy: line 418: assumption
            hermes_o3.ivy: line 420: assumption
            hermes_o3.ivy: line 421: assumption
            hermes_o3.ivy: line 422: assumption
            hermes_o3.ivy: line 423: assumption
            hermes_o3.ivy: line 424: assumption
            hermes_o3.ivy: line 425: assumption
            hermes_o3.ivy: line 426: assumption
            hermes_o3.ivy: line 427: assumption
            hermes_o3.ivy: line 428: assumption
            hermes_o3.ivy: line 429: assumption
            hermes_o3.ivy: line 430: assumption
            hermes_o3.ivy: line 432: assumption
            hermes_o3.ivy: line 433: assumption
            hermes_o3.ivy: line 434: assumption
            hermes_o3.ivy: line 435: assumption
            hermes_o3.ivy: line 436: assumption
            hermes_o3.ivy: line 437: assumption
            hermes_o3.ivy: line 438: assumption
            hermes_o3.ivy: line 439: assumption
            hermes_o3.ivy: line 440: assumption
            hermes_o3.ivy: line 441: assumption
            hermes_o3.ivy: line 442: assumption
            hermes_o3.ivy: line 443: assumption
            hermes_o3.ivy: line 444: assumption
            hermes_o3.ivy: line 445: assumption
            hermes_o3.ivy: line 446: assumption
            hermes_o3.ivy: line 447: assumption
            hermes_o3.ivy: line 448: assumption
            hermes_o3.ivy: line 449: assumption
            hermes_o3.ivy: line 450: assumption
            hermes_o3.ivy: line 451: assumption
            hermes_o3.ivy: line 452: assumption
            hermes_o3.ivy: line 457: assumption
            hermes_o3.ivy: line 459: assumption
            hermes_o3.ivy: line 463: assumption
            hermes_o3.ivy: line 464: assumption
            hermes_o3.ivy: line 467: assumption
            hermes_o3.ivy: line 472: assumption
            hermes_o3.ivy: line 473: assumption
            hermes_o3.ivy: line 477: assumption
            hermes_o3.ivy: line 552: assumption
            hermes_o3.ivy: line 553: assumption
            hermes_o3.ivy: line 554: assumption
            hermes_o3.ivy: line 555: assumption
            hermes_o3.ivy: line 556: assumption
            hermes_o3.ivy: line 557: assumption
            hermes_o3.ivy: line 558: assumption
            hermes_o3.ivy: line 559: assumption
        in action hermes_protocol.mark_ready when called from the environment:
            hermes_o3.ivy: line 411: assumption
            hermes_o3.ivy: line 412: assumption
            hermes_o3.ivy: line 413: assumption
            hermes_o3.ivy: line 414: assumption
            hermes_o3.ivy: line 416: assumption
            hermes_o3.ivy: line 417: assumption
            hermes_o3.ivy: line 418: assumption
            hermes_o3.ivy: line 420: assumption
            hermes_o3.ivy: line 421: assumption
            hermes_o3.ivy: line 422: assumption
            hermes_o3.ivy: line 423: assumption
            hermes_o3.ivy: line 424: assumption
            hermes_o3.ivy: line 425: assumption
            hermes_o3.ivy: line 426: assumption
            hermes_o3.ivy: line 427: assumption
            hermes_o3.ivy: line 428: assumption
            hermes_o3.ivy: line 429: assumption
            hermes_o3.ivy: line 430: assumption
            hermes_o3.ivy: line 432: assumption
            hermes_o3.ivy: line 433: assumption
            hermes_o3.ivy: line 434: assumption
            hermes_o3.ivy: line 435: assumption
            hermes_o3.ivy: line 436: assumption
            hermes_o3.ivy: line 437: assumption
            hermes_o3.ivy: line 438: assumption
            hermes_o3.ivy: line 439: assumption
            hermes_o3.ivy: line 440: assumption
            hermes_o3.ivy: line 441: assumption
            hermes_o3.ivy: line 442: assumption
            hermes_o3.ivy: line 443: assumption
            hermes_o3.ivy: line 444: assumption
            hermes_o3.ivy: line 445: assumption
            hermes_o3.ivy: line 446: assumption
            hermes_o3.ivy: line 447: assumption
            hermes_o3.ivy: line 448: assumption
            hermes_o3.ivy: line 449: assumption
            hermes_o3.ivy: line 450: assumption
            hermes_o3.ivy: line 451: assumption
            hermes_o3.ivy: line 452: assumption
            hermes_o3.ivy: line 457: assumption
            hermes_o3.ivy: line 459: assumption
            hermes_o3.ivy: line 463: assumption
            hermes_o3.ivy: line 464: assumption
            hermes_o3.ivy: line 467: assumption
            hermes_o3.ivy: line 472: assumption
            hermes_o3.ivy: line 473: assumption
            hermes_o3.ivy: line 477: assumption
            hermes_o3.ivy: line 552: assumption
            hermes_o3.ivy: line 553: assumption
            hermes_o3.ivy: line 554: assumption
            hermes_o3.ivy: line 555: assumption
            hermes_o3.ivy: line 556: assumption
            hermes_o3.ivy: line 557: assumption
            hermes_o3.ivy: line 558: assumption
            hermes_o3.ivy: line 559: assumption
            hermes_o3.ivy: line 303: assumption
            hermes_o3.ivy: line 304: assumption
            hermes_o3.ivy: line 305: assumption
            hermes_o3.ivy: line 306: assumption
            hermes_o3.ivy: line 307: assumption
            hermes_o3.ivy: line 308: assumption
            hermes_o3.ivy: line 411: assumption
            hermes_o3.ivy: line 412: assumption
            hermes_o3.ivy: line 413: assumption
            hermes_o3.ivy: line 414: assumption
            hermes_o3.ivy: line 416: assumption
            hermes_o3.ivy: line 417: assumption
            hermes_o3.ivy: line 418: assumption
            hermes_o3.ivy: line 420: assumption
            hermes_o3.ivy: line 421: assumption
            hermes_o3.ivy: line 422: assumption
            hermes_o3.ivy: line 423: assumption
            hermes_o3.ivy: line 424: assumption
            hermes_o3.ivy: line 425: assumption
            hermes_o3.ivy: line 426: assumption
            hermes_o3.ivy: line 427: assumption
            hermes_o3.ivy: line 428: assumption
            hermes_o3.ivy: line 429: assumption
            hermes_o3.ivy: line 430: assumption
            hermes_o3.ivy: line 432: assumption
            hermes_o3.ivy: line 433: assumption
            hermes_o3.ivy: line 434: assumption
            hermes_o3.ivy: line 435: assumption
            hermes_o3.ivy: line 436: assumption
            hermes_o3.ivy: line 437: assumption
            hermes_o3.ivy: line 438: assumption
            hermes_o3.ivy: line 439: assumption
            hermes_o3.ivy: line 440: assumption
            hermes_o3.ivy: line 441: assumption
            hermes_o3.ivy: line 442: assumption
            hermes_o3.ivy: line 443: assumption
            hermes_o3.ivy: line 444: assumption
            hermes_o3.ivy: line 445: assumption
            hermes_o3.ivy: line 446: assumption
            hermes_o3.ivy: line 447: assumption
            hermes_o3.ivy: line 448: assumption
            hermes_o3.ivy: line 449: assumption
            hermes_o3.ivy: line 450: assumption
            hermes_o3.ivy: line 451: assumption
            hermes_o3.ivy: line 452: assumption
            hermes_o3.ivy: line 457: assumption
            hermes_o3.ivy: line 459: assumption
            hermes_o3.ivy: line 463: assumption
            hermes_o3.ivy: line 464: assumption
            hermes_o3.ivy: line 467: assumption
            hermes_o3.ivy: line 472: assumption
            hermes_o3.ivy: line 473: assumption
            hermes_o3.ivy: line 477: assumption
            hermes_o3.ivy: line 552: assumption
            hermes_o3.ivy: line 553: assumption
            hermes_o3.ivy: line 554: assumption
            hermes_o3.ivy: line 555: assumption
            hermes_o3.ivy: line 556: assumption
            hermes_o3.ivy: line 557: assumption
            hermes_o3.ivy: line 558: assumption
            hermes_o3.ivy: line 559: assumption
        in action hermes_protocol.receive_validate when called from the environment:
            hermes_o3.ivy: line 411: assumption
            hermes_o3.ivy: line 412: assumption
            hermes_o3.ivy: line 413: assumption
            hermes_o3.ivy: line 414: assumption
            hermes_o3.ivy: line 416: assumption
            hermes_o3.ivy: line 417: assumption
            hermes_o3.ivy: line 418: assumption
            hermes_o3.ivy: line 420: assumption
            hermes_o3.ivy: line 421: assumption
            hermes_o3.ivy: line 422: assumption
            hermes_o3.ivy: line 423: assumption
            hermes_o3.ivy: line 424: assumption
            hermes_o3.ivy: line 425: assumption
            hermes_o3.ivy: line 426: assumption
            hermes_o3.ivy: line 427: assumption
            hermes_o3.ivy: line 428: assumption
            hermes_o3.ivy: line 429: assumption
            hermes_o3.ivy: line 430: assumption
            hermes_o3.ivy: line 432: assumption
            hermes_o3.ivy: line 433: assumption
            hermes_o3.ivy: line 434: assumption
            hermes_o3.ivy: line 435: assumption
            hermes_o3.ivy: line 436: assumption
            hermes_o3.ivy: line 437: assumption
            hermes_o3.ivy: line 438: assumption
            hermes_o3.ivy: line 439: assumption
            hermes_o3.ivy: line 440: assumption
            hermes_o3.ivy: line 441: assumption
            hermes_o3.ivy: line 442: assumption
            hermes_o3.ivy: line 443: assumption
            hermes_o3.ivy: line 444: assumption
            hermes_o3.ivy: line 445: assumption
            hermes_o3.ivy: line 446: assumption
            hermes_o3.ivy: line 447: assumption
            hermes_o3.ivy: line 448: assumption
            hermes_o3.ivy: line 449: assumption
            hermes_o3.ivy: line 450: assumption
            hermes_o3.ivy: line 451: assumption
            hermes_o3.ivy: line 452: assumption
            hermes_o3.ivy: line 457: assumption
            hermes_o3.ivy: line 459: assumption
            hermes_o3.ivy: line 463: assumption
            hermes_o3.ivy: line 464: assumption
            hermes_o3.ivy: line 467: assumption
            hermes_o3.ivy: line 472: assumption
            hermes_o3.ivy: line 473: assumption
            hermes_o3.ivy: line 477: assumption
            hermes_o3.ivy: line 552: assumption
            hermes_o3.ivy: line 553: assumption
            hermes_o3.ivy: line 554: assumption
            hermes_o3.ivy: line 555: assumption
            hermes_o3.ivy: line 556: assumption
            hermes_o3.ivy: line 557: assumption
            hermes_o3.ivy: line 558: assumption
            hermes_o3.ivy: line 559: assumption
            hermes_o3.ivy: line 355: assumption
            hermes_o3.ivy: line 356: assumption
            hermes_o3.ivy: line 411: assumption
            hermes_o3.ivy: line 412: assumption
            hermes_o3.ivy: line 413: assumption
            hermes_o3.ivy: line 414: assumption
            hermes_o3.ivy: line 416: assumption
            hermes_o3.ivy: line 417: assumption
            hermes_o3.ivy: line 418: assumption
            hermes_o3.ivy: line 420: assumption
            hermes_o3.ivy: line 421: assumption
            hermes_o3.ivy: line 422: assumption
            hermes_o3.ivy: line 423: assumption
            hermes_o3.ivy: line 424: assumption
            hermes_o3.ivy: line 425: assumption
            hermes_o3.ivy: line 426: assumption
            hermes_o3.ivy: line 427: assumption
            hermes_o3.ivy: line 428: assumption
            hermes_o3.ivy: line 429: assumption
            hermes_o3.ivy: line 430: assumption
            hermes_o3.ivy: line 432: assumption
            hermes_o3.ivy: line 433: assumption
            hermes_o3.ivy: line 434: assumption
            hermes_o3.ivy: line 435: assumption
            hermes_o3.ivy: line 436: assumption
            hermes_o3.ivy: line 437: assumption
            hermes_o3.ivy: line 438: assumption
            hermes_o3.ivy: line 439: assumption
            hermes_o3.ivy: line 440: assumption
            hermes_o3.ivy: line 441: assumption
            hermes_o3.ivy: line 442: assumption
            hermes_o3.ivy: line 443: assumption
            hermes_o3.ivy: line 444: assumption
            hermes_o3.ivy: line 445: assumption
            hermes_o3.ivy: line 446: assumption
            hermes_o3.ivy: line 447: assumption
            hermes_o3.ivy: line 448: assumption
            hermes_o3.ivy: line 449: assumption
            hermes_o3.ivy: line 450: assumption
            hermes_o3.ivy: line 451: assumption
            hermes_o3.ivy: line 452: assumption
            hermes_o3.ivy: line 457: assumption
            hermes_o3.ivy: line 459: assumption
            hermes_o3.ivy: line 463: assumption
            hermes_o3.ivy: line 464: assumption
            hermes_o3.ivy: line 467: assumption
            hermes_o3.ivy: line 472: assumption
            hermes_o3.ivy: line 473: assumption
            hermes_o3.ivy: line 477: assumption
            hermes_o3.ivy: line 552: assumption
            hermes_o3.ivy: line 553: assumption
            hermes_o3.ivy: line 554: assumption
            hermes_o3.ivy: line 555: assumption
            hermes_o3.ivy: line 556: assumption
            hermes_o3.ivy: line 557: assumption
            hermes_o3.ivy: line 558: assumption
            hermes_o3.ivy: line 559: assumption
        in action hermes_protocol.replay_after_failure when called from the environment:
            hermes_o3.ivy: line 411: assumption
            hermes_o3.ivy: line 412: assumption
            hermes_o3.ivy: line 413: assumption
            hermes_o3.ivy: line 414: assumption
            hermes_o3.ivy: line 416: assumption
            hermes_o3.ivy: line 417: assumption
            hermes_o3.ivy: line 418: assumption
            hermes_o3.ivy: line 420: assumption
            hermes_o3.ivy: line 421: assumption
            hermes_o3.ivy: line 422: assumption
            hermes_o3.ivy: line 423: assumption
            hermes_o3.ivy: line 424: assumption
            hermes_o3.ivy: line 425: assumption
            hermes_o3.ivy: line 426: assumption
            hermes_o3.ivy: line 427: assumption
            hermes_o3.ivy: line 428: assumption
            hermes_o3.ivy: line 429: assumption
            hermes_o3.ivy: line 430: assumption
            hermes_o3.ivy: line 432: assumption
            hermes_o3.ivy: line 433: assumption
            hermes_o3.ivy: line 434: assumption
            hermes_o3.ivy: line 435: assumption
            hermes_o3.ivy: line 436: assumption
            hermes_o3.ivy: line 437: assumption
            hermes_o3.ivy: line 438: assumption
            hermes_o3.ivy: line 439: assumption
            hermes_o3.ivy: line 440: assumption
            hermes_o3.ivy: line 441: assumption
            hermes_o3.ivy: line 442: assumption
            hermes_o3.ivy: line 443: assumption
            hermes_o3.ivy: line 444: assumption
            hermes_o3.ivy: line 445: assumption
            hermes_o3.ivy: line 446: assumption
            hermes_o3.ivy: line 447: assumption
            hermes_o3.ivy: line 448: assumption
            hermes_o3.ivy: line 449: assumption
            hermes_o3.ivy: line 450: assumption
            hermes_o3.ivy: line 451: assumption
            hermes_o3.ivy: line 452: assumption
            hermes_o3.ivy: line 457: assumption
            hermes_o3.ivy: line 459: assumption
            hermes_o3.ivy: line 463: assumption
            hermes_o3.ivy: line 464: assumption
            hermes_o3.ivy: line 467: assumption
            hermes_o3.ivy: line 472: assumption
            hermes_o3.ivy: line 473: assumption
            hermes_o3.ivy: line 477: assumption
            hermes_o3.ivy: line 552: assumption
            hermes_o3.ivy: line 553: assumption
            hermes_o3.ivy: line 554: assumption
            hermes_o3.ivy: line 555: assumption
            hermes_o3.ivy: line 556: assumption
            hermes_o3.ivy: line 557: assumption
            hermes_o3.ivy: line 558: assumption
            hermes_o3.ivy: line 559: assumption
            hermes_o3.ivy: line 372: assumption
            hermes_o3.ivy: line 373: assumption
            hermes_o3.ivy: line 374: assumption
            hermes_o3.ivy: line 375: assumption
            hermes_o3.ivy: line 376: assumption
            hermes_o3.ivy: line 411: assumption
            hermes_o3.ivy: line 412: assumption
            hermes_o3.ivy: line 413: assumption
            hermes_o3.ivy: line 414: assumption
            hermes_o3.ivy: line 416: assumption
            hermes_o3.ivy: line 417: assumption
            hermes_o3.ivy: line 418: assumption
            hermes_o3.ivy: line 420: assumption
            hermes_o3.ivy: line 421: assumption
            hermes_o3.ivy: line 422: assumption
            hermes_o3.ivy: line 423: assumption
            hermes_o3.ivy: line 424: assumption
            hermes_o3.ivy: line 425: assumption
            hermes_o3.ivy: line 426: assumption
            hermes_o3.ivy: line 427: assumption
            hermes_o3.ivy: line 428: assumption
            hermes_o3.ivy: line 429: assumption
            hermes_o3.ivy: line 430: assumption
            hermes_o3.ivy: line 432: assumption
            hermes_o3.ivy: line 433: assumption
            hermes_o3.ivy: line 434: assumption
            hermes_o3.ivy: line 435: assumption
            hermes_o3.ivy: line 436: assumption
            hermes_o3.ivy: line 437: assumption
            hermes_o3.ivy: line 438: assumption
            hermes_o3.ivy: line 439: assumption
            hermes_o3.ivy: line 440: assumption
            hermes_o3.ivy: line 441: assumption
            hermes_o3.ivy: line 442: assumption
            hermes_o3.ivy: line 443: assumption
            hermes_o3.ivy: line 444: assumption
            hermes_o3.ivy: line 445: assumption
            hermes_o3.ivy: line 446: assumption
            hermes_o3.ivy: line 447: assumption
            hermes_o3.ivy: line 448: assumption
            hermes_o3.ivy: line 449: assumption
            hermes_o3.ivy: line 450: assumption
            hermes_o3.ivy: line 451: assumption
            hermes_o3.ivy: line 452: assumption
            hermes_o3.ivy: line 457: assumption
            hermes_o3.ivy: line 459: assumption
            hermes_o3.ivy: line 463: assumption
            hermes_o3.ivy: line 464: assumption
            hermes_o3.ivy: line 467: assumption
            hermes_o3.ivy: line 472: assumption
            hermes_o3.ivy: line 473: assumption
            hermes_o3.ivy: line 477: assumption
            hermes_o3.ivy: line 552: assumption
            hermes_o3.ivy: line 553: assumption
            hermes_o3.ivy: line 554: assumption
            hermes_o3.ivy: line 555: assumption
            hermes_o3.ivy: line 556: assumption
            hermes_o3.ivy: line 557: assumption
            hermes_o3.ivy: line 558: assumption
            hermes_o3.ivy: line 559: assumption
        in action hermes_protocol.fail when called from the environment:
            hermes_o3.ivy: line 411: assumption
            hermes_o3.ivy: line 412: assumption
            hermes_o3.ivy: line 413: assumption
            hermes_o3.ivy: line 414: assumption
            hermes_o3.ivy: line 416: assumption
            hermes_o3.ivy: line 417: assumption
            hermes_o3.ivy: line 418: assumption
            hermes_o3.ivy: line 420: assumption
            hermes_o3.ivy: line 421: assumption
            hermes_o3.ivy: line 422: assumption
            hermes_o3.ivy: line 423: assumption
            hermes_o3.ivy: line 424: assumption
            hermes_o3.ivy: line 425: assumption
            hermes_o3.ivy: line 426: assumption
            hermes_o3.ivy: line 427: assumption
            hermes_o3.ivy: line 428: assumption
            hermes_o3.ivy: line 429: assumption
            hermes_o3.ivy: line 430: assumption
            hermes_o3.ivy: line 432: assumption
            hermes_o3.ivy: line 433: assumption
            hermes_o3.ivy: line 434: assumption
            hermes_o3.ivy: line 435: assumption
            hermes_o3.ivy: line 436: assumption
            hermes_o3.ivy: line 437: assumption
            hermes_o3.ivy: line 438: assumption
            hermes_o3.ivy: line 439: assumption
            hermes_o3.ivy: line 440: assumption
            hermes_o3.ivy: line 441: assumption
            hermes_o3.ivy: line 442: assumption
            hermes_o3.ivy: line 443: assumption
            hermes_o3.ivy: line 444: assumption
            hermes_o3.ivy: line 445: assumption
            hermes_o3.ivy: line 446: assumption
            hermes_o3.ivy: line 447: assumption
            hermes_o3.ivy: line 448: assumption
            hermes_o3.ivy: line 449: assumption
            hermes_o3.ivy: line 450: assumption
            hermes_o3.ivy: line 451: assumption
            hermes_o3.ivy: line 452: assumption
            hermes_o3.ivy: line 457: assumption
            hermes_o3.ivy: line 459: assumption
            hermes_o3.ivy: line 463: assumption
            hermes_o3.ivy: line 464: assumption
            hermes_o3.ivy: line 467: assumption
            hermes_o3.ivy: line 472: assumption
            hermes_o3.ivy: line 473: assumption
            hermes_o3.ivy: line 477: assumption
            hermes_o3.ivy: line 552: assumption
            hermes_o3.ivy: line 553: assumption
            hermes_o3.ivy: line 554: assumption
            hermes_o3.ivy: line 555: assumption
            hermes_o3.ivy: line 556: assumption
            hermes_o3.ivy: line 557: assumption
            hermes_o3.ivy: line 558: assumption
            hermes_o3.ivy: line 559: assumption
            hermes_o3.ivy: line 396: assumption
            hermes_o3.ivy: line 411: assumption
            hermes_o3.ivy: line 412: assumption
            hermes_o3.ivy: line 413: assumption
            hermes_o3.ivy: line 414: assumption
            hermes_o3.ivy: line 416: assumption
            hermes_o3.ivy: line 417: assumption
            hermes_o3.ivy: line 418: assumption
            hermes_o3.ivy: line 420: assumption
            hermes_o3.ivy: line 421: assumption
            hermes_o3.ivy: line 422: assumption
            hermes_o3.ivy: line 423: assumption
            hermes_o3.ivy: line 424: assumption
            hermes_o3.ivy: line 425: assumption
            hermes_o3.ivy: line 426: assumption
            hermes_o3.ivy: line 427: assumption
            hermes_o3.ivy: line 428: assumption
            hermes_o3.ivy: line 429: assumption
            hermes_o3.ivy: line 430: assumption
            hermes_o3.ivy: line 432: assumption
            hermes_o3.ivy: line 433: assumption
            hermes_o3.ivy: line 434: assumption
            hermes_o3.ivy: line 435: assumption
            hermes_o3.ivy: line 436: assumption
            hermes_o3.ivy: line 437: assumption
            hermes_o3.ivy: line 438: assumption
            hermes_o3.ivy: line 439: assumption
            hermes_o3.ivy: line 440: assumption
            hermes_o3.ivy: line 441: assumption
            hermes_o3.ivy: line 442: assumption
            hermes_o3.ivy: line 443: assumption
            hermes_o3.ivy: line 444: assumption
            hermes_o3.ivy: line 445: assumption
            hermes_o3.ivy: line 446: assumption
            hermes_o3.ivy: line 447: assumption
            hermes_o3.ivy: line 448: assumption
            hermes_o3.ivy: line 449: assumption
            hermes_o3.ivy: line 450: assumption
            hermes_o3.ivy: line 451: assumption
            hermes_o3.ivy: line 452: assumption
            hermes_o3.ivy: line 457: assumption
            hermes_o3.ivy: line 459: assumption
            hermes_o3.ivy: line 463: assumption
            hermes_o3.ivy: line 464: assumption
            hermes_o3.ivy: line 467: assumption
            hermes_o3.ivy: line 472: assumption
            hermes_o3.ivy: line 473: assumption
            hermes_o3.ivy: line 477: assumption
            hermes_o3.ivy: line 552: assumption
            hermes_o3.ivy: line 553: assumption
            hermes_o3.ivy: line 554: assumption
            hermes_o3.ivy: line 555: assumption
            hermes_o3.ivy: line 556: assumption
            hermes_o3.ivy: line 557: assumption
            hermes_o3.ivy: line 558: assumption
            hermes_o3.ivy: line 559: assumption
  ivy_check temporal: admitting axiom...
         hermes_o3.ivy: line 561: hermes_protocol.ready_epochs_eventually_finish
  ivy_check temporal: admitting axiom...
         hermes_o3.ivy: line 577: hermes_protocol.o3_ack_quorums_eventually_finish

OK
